Bus, BasekV, Node1, Magnitude1, Angle1, pu1, Node2, Magnitude2, Angle2, pu2, Node3, Magnitude3, Angle3, pu3
"1", 115, 1,      69715,    0.0,      1.05, 2,      69715, -120.0,      1.05, 3,      69715,  120.0,      1.05
"7", 12.47, 1,    7552.96,  -34.5,    1.0491, 2,    7540.34, -154.3,    1.0473, 3,    7560.51,   85.9,    1.0501
"8", 12.47, 1,    7550.56,  -34.5,    1.0488, 2,    7538.24, -154.3,     1.047, 3,    7559.71,   85.9,      1.05
"9", 12.47, 1,    7547.49,  -34.5,    1.0483, 2,    7535.54, -154.3,    1.0467, 3,    7558.69,   85.9,    1.0499
"10", 12.47, 1,    7539.05,  -34.6,    1.0472, 2,    7528.15, -154.4,    1.0456, 3,     7555.9,   85.8,    1.0495
"11", 12.47, 1,    7526.07,  -34.8,    1.0454, 2,    7516.79, -154.6,    1.0441, 3,    7551.64,   85.6,    1.0489
"12", 12.47, 1,    7511.25,  -35.0,    1.0433, 2,    7503.85, -154.8,    1.0423, 3,    7546.81,   85.5,    1.0482
"13", 12.47, 1,    7505.94,  -35.0,    1.0426, 2,    7499.21, -154.9,    1.0416, 3,    7545.08,   85.4,     1.048
"14", 12.47, 1,    7493.17,  -35.2,    1.0408, 2,    7488.01, -155.0,    1.0401, 3,    7541.25,   85.3,    1.0475
"15", 12.47, 1,    7492.59,  -35.2,    1.0407, 2,    7487.44, -155.0,      1.04, 3,    7540.77,   85.3,    1.0474
"16", 12.47, 1,    7487.16,  -35.3,    1.0399, 2,    7482.67, -155.1,    1.0393, 3,    7539.15,   85.2,    1.0472
"17", 12.47, 1,    7484.25,  -35.3,    1.0395, 2,    7480.09, -155.1,     1.039, 3,    7538.06,   85.2,     1.047
"18", 12.47, 1,    7483.63,  -35.3,    1.0395, 2,    7479.48, -155.1,    1.0389, 3,    7537.53,   85.2,    1.0469
"19", 12.47, 1,    7476.04,  -35.4,    1.0384, 2,    7472.73, -155.2,    1.0379, 3,    7534.67,   85.1,    1.0465
"20", 12.47, 1,    7464.89,  -35.5,    1.0369, 2,    7464.07, -155.4,    1.0367, 3,    7531.99,   85.0,    1.0462
"21", 12.47, 1,    7455.07,  -35.6,    1.0355, 2,    7456.46, -155.5,    1.0357, 3,    7529.64,   84.9,    1.0458
"22", 12.47, 1,    7447.08,  -35.6,    1.0344, 2,    7450.06, -155.6,    1.0348, 3,    7527.74,   84.9,    1.0456
"23", 12.47, 1,    7438.53,  -35.7,    1.0332, 2,    7443.23, -155.7,    1.0338, 3,    7525.72,   84.8,    1.0453
"24", 12.47, 1,    7423.05,  -35.9,     1.031, 2,    7430.91, -155.8,    1.0321, 3,    7522.12,   84.7,    1.0448
"25", 12.47, 1,    7405.15,  -36.0,    1.0286, 2,    7416.71, -156.0,    1.0302, 3,    7517.99,   84.5,    1.0442
"26", 12.47, 1,    7393.21,  -36.2,    1.0269, 2,     7407.2, -156.2,    1.0288, 3,    7515.26,   84.4,    1.0439
"27", 12.47, 1,    7383.65,  -36.3,    1.0256, 2,    7399.55, -156.3,    1.0278, 3,    7513.08,   84.4,    1.0435
"28", 12.47, 1,    7377.66,  -36.3,    1.0247, 2,    7394.77, -156.3,    1.0271, 3,    7511.73,   84.3,    1.0434
"29", 12.47, 1,    7370.55,  -36.4,    1.0238, 2,    7389.09, -156.4,    1.0263, 3,    7510.12,   84.3,    1.0431
"34", 12.47, 1,    7335.56,  -36.8,    1.0189, 2,    7362.21, -156.8,    1.0226, 3,    7502.32,   84.0,    1.0421
"41", 12.47, 1,    7294.13,  -37.2,    1.0131, 2,    7330.59, -157.3,    1.0182, 3,    7493.24,   83.6,    1.0408
"45", 12.47, 1,    7288.54,  -37.2,    1.0124, 2,    7326.44, -157.4,    1.0176, 3,    7492.16,   83.6,    1.0406
"51", 12.47, 1,    7274.41,  -37.4,    1.0104, 2,     7315.8, -157.6,    1.0161, 3,    7489.45,   83.5,    1.0403
"52", 12.47, 1,    7268.87,  -37.5,    1.0096, 2,    7311.64, -157.6,    1.0156, 3,    7488.37,   83.4,    1.0401
"53", 12.47, 1,    7267.65,  -37.5,    1.0095, 2,    7310.68, -157.7,    1.0154, 3,    7488.14,   83.4,    1.0401
"54", 12.47, 1,    7258.84,  -37.6,    1.0082, 2,    7303.72, -157.8,    1.0145, 3,    7486.47,   83.3,    1.0399
"56", 12.47, 1,    7254.36,  -37.6,    1.0076, 2,    7300.17, -157.8,     1.014, 3,    7485.63,   83.3,    1.0397
"57", 12.47, 1,    7241.89,  -37.7,    1.0059, 2,    7290.21, -158.0,    1.0126, 3,     7483.3,   83.2,    1.0394
"58", 12.47, 1,    7235.11,  -37.8,    1.0049, 2,    7284.77, -158.1,    1.0118, 3,    7482.04,   83.1,    1.0392
"59", 12.47, 1,    7234.56,  -37.8,    1.0049, 2,    7284.21, -158.1,    1.0118, 3,    7481.61,   83.1,    1.0392
"60", 12.47, 1,    7233.23,  -37.8,    1.0047, 2,    7283.16, -158.1,    1.0116, 3,    7481.37,   83.1,    1.0391
"61", 12.47, 1,    7228.92,  -37.9,    1.0041, 2,     7279.7, -158.1,    1.0111, 3,    7480.57,   83.1,     1.039
"62", 12.47, 1,    7228.25,  -37.9,     1.004, 2,    7279.16, -158.1,    1.0111, 3,    7480.45,   83.1,     1.039
"63", 12.47, 1,    7219.58,  -38.0,    1.0028, 2,    7272.26, -158.3,    1.0101, 3,    7478.88,   83.0,    1.0388
"64", 12.47, 1,    7214.29,  -38.0,     1.002, 2,    7268.03, -158.3,    1.0095, 3,    7477.93,   82.9,    1.0387
"65", 12.47, 1,    7210.29,  -38.1,    1.0015, 2,    7264.88, -158.4,    1.0091, 3,    7477.27,   82.9,    1.0386
"66", 12.47, 1,    7209.74,  -38.1,    1.0014, 2,    7264.33, -158.4,     1.009, 3,    7476.85,   82.9,    1.0385
"67", 12.47, 1,    7209.19,  -38.1,    1.0013, 2,    7263.78, -158.4,    1.0089, 3,    7476.42,   82.9,    1.0385
"68", 12.47, 1,    7208.52,  -38.1,    1.0012, 2,    7263.25, -158.4,    1.0088, 3,    7476.31,   82.9,    1.0384
"69", 12.47, 1,    7202.81,  -38.1,    1.0005, 2,    7258.64, -158.5,    1.0082, 3,    7474.83,   82.8,    1.0382
"70", 12.47, 1,    7188.85,  -38.3,   0.99851, 2,    7247.39, -158.6,    1.0066, 3,    7471.21,   82.7,    1.0377
"71", 12.47, 1,    7181.22,  -38.3,   0.99745, 2,    7241.57, -158.7,    1.0058, 3,    7469.54,   82.7,    1.0375
"73", 12.47, 1,    7180.91,  -38.4,   0.99741, 2,    7237.76, -158.7,    1.0053, 3,    7466.61,   82.6,    1.0371
"79", 12.47, 1,    7180.69,  -38.4,   0.99738, 2,    7234.57, -158.8,    1.0049, 3,    7464.19,   82.6,    1.0368
"80", 12.47, 1,    7180.58,  -38.4,   0.99736, 2,    7234.44, -158.8,    1.0048, 3,    7464.02,   82.6,    1.0367
"82", 12.47, 1,    7180.43,  -38.4,   0.99734, 2,    7232.27, -158.8,    1.0045, 3,    7462.38,   82.5,    1.0365
"84", 12.47, 1,     7180.2,  -38.5,   0.99731, 2,    7229.77, -158.8,    1.0042, 3,    7460.54,   82.5,    1.0362
"86", 12.47, 1,    7179.88,  -38.5,   0.99727, 2,    7227.53, -158.8,    1.0039, 3,       7459,   82.4,     1.036
"90", 12.47, 1,    7179.33,  -38.5,   0.99719, 2,    7223.12, -158.9,    1.0033, 3,    7456.04,   82.4,    1.0356
"91", 12.47, 1,    7179.32,  -38.5,   0.99719, 2,    7223.11, -158.9,    1.0033, 3,    7456.04,   82.4,    1.0356
"93", 12.47, 1,    7179.05,  -38.5,   0.99715, 2,    7221.06, -158.9,     1.003, 3,    7454.68,   82.3,    1.0354
"95", 12.47, 1,    7178.79,  -38.6,   0.99712, 2,    7219.27, -158.9,    1.0027, 3,    7453.53,   82.3,    1.0353
"96", 12.47, 1,    7178.53,  -38.6,   0.99708, 2,    7218.91, -158.9,    1.0027, 3,    7453.14,   82.3,    1.0352
"98", 12.47, 1,    7178.16,  -38.6,   0.99703, 2,    7216.35, -158.9,    1.0023, 3,    7451.42,   82.3,     1.035
"99", 12.47, 1,    7177.85,  -38.6,   0.99698, 2,    7214.01, -159.0,     1.002, 3,    7449.68,   82.2,    1.0347
"100", 12.47, 1,    7176.76,  -38.6,   0.99683, 2,    7213.62, -159.0,     1.002, 3,    7449.74,   82.2,    1.0347
"102", 12.47, 1,    7176.32,  -38.6,   0.99677, 2,    7213.45, -159.0,    1.0019, 3,    7449.76,   82.2,    1.0348
"106", 12.47, 1,    7174.27,  -38.6,   0.99649, 2,    7212.59, -159.0,    1.0018, 3,    7449.92,   82.2,    1.0348
"111", 12.47, 1,    7174.12,  -38.6,   0.99647, 2,    7211.19, -159.0,    1.0016, 3,    7450.27,   82.2,    1.0348
"124", 12.47, 1,     7173.8,  -38.6,   0.99642, 2,    7208.33, -159.0,    1.0012, 3,    7450.99,   82.2,    1.0349
"101", 12.47, 1,    7177.87,  -38.6,   0.99699, 2,    7211.05, -159.0,    1.0016, 3,    7447.44,   82.2,    1.0344
"104", 12.47, 1,    7177.97,  -38.7,     0.997, 2,    7208.15, -159.0,    1.0012, 3,    7445.33,   82.1,    1.0341
"105", 12.47, 1,    7177.99,  -38.7,     0.997, 2,    7207.21, -159.0,    1.0011, 3,    7444.66,   82.1,     1.034
"107", 12.47, 1,    7178.03,  -38.7,   0.99701, 2,    7205.17, -159.0,    1.0008, 3,    7443.21,   82.1,    1.0338
"110", 12.47, 1,    7178.04,  -38.7,   0.99701, 2,    7202.47, -159.1,    1.0004, 3,    7441.32,   82.0,    1.0336
"114", 12.47, 1,    7178.07,  -38.7,   0.99702, 2,    7200.82, -159.1,    1.0002, 3,    7440.19,   82.0,    1.0334
"115", 12.47, 1,    7178.14,  -38.7,   0.99702, 2,     7199.5, -159.1,   0.99999, 3,    7439.33,   82.0,    1.0333
"118", 12.47, 1,    7178.23,  -38.8,   0.99704, 2,    7196.52, -159.1,   0.99958, 3,    7437.44,   81.9,     1.033
"119", 12.47, 1,    7178.35,  -38.8,   0.99705, 2,    7195.33, -159.1,   0.99941, 3,    7436.41,   81.9,    1.0329
"121", 12.47, 1,    7178.53,  -38.8,   0.99708, 2,    7193.55, -159.2,   0.99917, 3,     7434.8,   81.9,    1.0327
"128", 12.47, 1,    7178.93,  -38.8,   0.99713, 2,     7189.2, -159.2,   0.99856, 3,    7430.93,   81.8,    1.0321
"129", 12.47, 1,    7178.84,  -38.8,   0.99712, 2,     7189.1, -159.2,   0.99855, 3,    7430.79,   81.8,    1.0321
"131", 12.47, 1,    7179.06,  -38.9,   0.99715, 2,    7186.66, -159.2,   0.99821, 3,    7428.63,   81.7,    1.0318
"132", 12.47, 1,    7179.32,  -38.9,   0.99719, 2,    7184.54, -159.2,   0.99791, 3,    7426.82,   81.7,    1.0316
"136", 12.47, 1,    7179.47,  -38.9,   0.99721, 2,    7183.36, -159.2,   0.99775, 3,    7425.82,   81.7,    1.0314
"141", 12.47, 1,    7179.83,  -38.9,   0.99726, 2,    7180.69, -159.3,   0.99738, 3,    7423.58,   81.6,    1.0311
"143", 12.47, 1,    7178.72,  -39.0,   0.99711, 2,    7179.38, -159.3,    0.9972, 3,    7423.74,   81.6,    1.0311
"148", 12.47, 1,    7177.33,  -39.0,   0.99691, 2,     7177.8, -159.3,   0.99698, 3,    7423.98,   81.6,    1.0312
"153", 12.47, 1,    7175.93,  -39.0,   0.99672, 2,     7176.1, -159.4,   0.99674, 3,    7424.24,   81.6,    1.0312
"156", 12.47, 1,    7175.38,  -39.0,   0.99664, 2,     7175.5, -159.4,   0.99666, 3,    7424.25,   81.5,    1.0312
"159", 12.47, 1,    7163.29,  -39.1,   0.99496, 2,    7162.14, -159.4,    0.9948, 3,    7414.07,   81.5,    1.0298
"164", 12.47, 1,     7151.4,  -39.1,   0.99331, 2,    7149.02, -159.5,   0.99298, 3,    7404.14,   81.5,    1.0284
"168", 12.47, 1,    7138.97,  -39.2,   0.99158, 2,    7135.33, -159.5,   0.99108, 3,    7393.78,   81.4,     1.027
"170", 12.47, 1,    7123.83,  -39.2,   0.98948, 2,    7118.73, -159.6,   0.98877, 3,    7381.48,   81.3,    1.0253
"178", 12.47, 1,    7106.32,  -39.3,   0.98705, 2,    7099.72, -159.7,   0.98613, 3,    7367.19,   81.3,    1.0233
"183", 12.47, 1,    7095.75,  -39.3,   0.98558, 2,    7088.27, -159.7,   0.98454, 3,     7358.7,   81.2,    1.0221
"187", 12.47, 1,    7083.09,  -39.4,   0.98382, 2,    7074.57, -159.8,   0.98264, 3,    7348.53,   81.2,    1.0207
"188", 12.47, 1,    7077.24,  -39.4,   0.98301, 2,    7068.27, -159.8,   0.98176, 3,    7343.91,   81.2,    1.0201
"189", 12.47, 1,    7076.48,  -39.4,    0.9829, 2,    7067.46, -159.8,   0.98165, 3,    7343.31,   81.2,      1.02
"200", 12.47, 1,    7064.66,  -39.4,   0.98126, 2,    7054.84, -159.9,    0.9799, 3,    7333.94,   81.1,    1.0187
"204", 12.47, 1,    7054.61,  -39.5,   0.97987, 2,     7044.1, -159.9,   0.97841, 3,    7325.96,   81.1,    1.0176
"210", 12.47, 1,    7041.52,  -39.5,   0.97805, 2,    7030.16, -160.0,   0.97647, 3,    7315.69,   81.0,    1.0161
"220", 12.47, 1,    7023.58,  -39.6,   0.97556, 2,    7009.35, -160.1,   0.97358, 3,    7300.83,   81.0,    1.0141
"226", 12.47, 1,    7009.57,  -39.7,   0.97361, 2,    6992.55, -160.1,   0.97125, 3,    7288.85,   80.9,    1.0124
"228", 12.47, 1,    6996.15,  -39.7,   0.97175, 2,    6976.08, -160.2,   0.96896, 3,    7277.27,   80.8,    1.0108
"229", 12.47, 1,    6991.41,  -39.8,   0.97109, 2,    6970.35, -160.2,   0.96816, 3,    7273.13,   80.8,    1.0102
"230", 12.47, 1,    6979.53,  -39.8,   0.96944, 2,       6956, -160.3,   0.96617, 3,    7262.79,   80.8,    1.0088
"231", 12.47, 1,    6969.35,  -39.9,   0.96802, 2,    6943.08, -160.4,   0.96438, 3,     7253.6,   80.7,    1.0075
"232", 12.47, 1,    6969.29,  -39.9,   0.96802, 2,       6943, -160.4,   0.96436, 3,    7253.53,   80.7,    1.0075
"234", 12.47, 1,    6968.74,  -39.9,   0.96794, 2,    6942.31, -160.4,   0.96427, 3,    7253.04,   80.7,    1.0074
"233", 12.47, 1,    7491.48,  -39.9,    1.0405, 2,    7463.02, -160.4,    1.0366, 3,    7479.77,   80.7,    1.0389
"235", 12.47, 1,    7490.85,  -39.9,    1.0405, 2,    7462.19, -160.4,    1.0365, 3,    7479.16,   80.7,    1.0388
"237", 12.47, 1,    7484.51,  -39.9,    1.0396, 2,    7453.98, -160.4,    1.0353, 3,     7473.1,   80.7,     1.038
"238", 12.47, 1,    7476.07,  -40.0,    1.0384, 2,    7444.35, -160.4,     1.034, 3,    7464.45,   80.6,    1.0368
"241", 12.47, 1,    7458.92,  -40.0,     1.036, 2,     7424.6, -160.5,    1.0313, 3,    7447.02,   80.5,    1.0344
"243", 12.47, 1,     7449.2,  -40.1,    1.0347, 2,    7413.45, -160.6,    1.0297, 3,    7437.32,   80.5,     1.033
"244", 12.47, 1,    7444.27,  -40.1,     1.034, 2,    7409.22, -160.6,    1.0291, 3,    7436.83,   80.5,     1.033
"246", 12.47, 1,     7435.2,  -40.1,    1.0327, 2,    7401.44, -160.7,     1.028, 3,    7435.92,   80.4,    1.0328
"247", 12.47, 1,    7431.96,  -40.2,    1.0323, 2,    7398.67, -160.7,    1.0277, 3,    7435.64,   80.4,    1.0328
"249", 12.47, 1,    7423.92,  -40.2,    1.0312, 2,    7391.82, -160.7,    1.0267, 3,    7434.94,   80.4,    1.0327
"250", 12.47, 1,    7418.32,  -40.2,    1.0304, 2,    7387.03, -160.7,     1.026, 3,    7434.51,   80.4,    1.0326
"251", 12.47, 1,     7416.4,  -40.2,    1.0301, 2,    7385.38, -160.8,    1.0258, 3,    7434.36,   80.4,    1.0326
"252", 12.47, 1,    7416.34,  -40.2,    1.0301, 2,    7385.32, -160.8,    1.0258, 3,    7434.37,   80.4,    1.0326
"255", 12.47, 1,     7404.4,  -40.3,    1.0285, 2,    7375.09, -160.8,    1.0244, 3,    7433.45,   80.3,    1.0325
"257", 12.47, 1,    7397.56,  -40.3,    1.0275, 2,    7366.41, -160.9,    1.0232, 3,    7432.98,   80.3,    1.0324
"260", 12.47, 1,    7387.79,  -40.3,    1.0261, 2,    7353.83, -161.0,    1.0214, 3,    7432.32,   80.3,    1.0323
"262", 12.47, 1,    7379.27,  -40.4,     1.025, 2,    7343.02, -161.0,    1.0199, 3,    7432.13,   80.2,    1.0323
"264", 12.47, 1,    7373.86,  -40.4,    1.0242, 2,    7335.92, -161.1,    1.0189, 3,    7432.02,   80.2,    1.0323
"268", 12.47, 1,    7362.44,  -40.5,    1.0226, 2,    7321.21, -161.2,    1.0169, 3,    7432.26,   80.1,    1.0323
"271", 12.47, 1,    7353.37,  -40.5,    1.0214, 2,    7309.37, -161.2,    1.0153, 3,    7432.63,   80.1,    1.0324
"277", 12.47, 1,    7337.54,  -40.6,    1.0192, 2,    7288.71, -161.4,    1.0124, 3,    7433.26,   80.0,    1.0325
"284", 12.47, 1,    7327.19,  -40.6,    1.0177, 2,    7274.73, -161.4,    1.0104, 3,    7433.71,   80.0,    1.0325
"288", 12.47, 1,    7324.22,  -40.7,    1.0173, 2,    7270.65, -161.5,    1.0099, 3,    7433.85,   79.9,    1.0325
"292", 12.47, 1,    7317.78,  -40.7,    1.0164, 2,    7261.88, -161.5,    1.0087, 3,    7434.39,   79.9,    1.0326
"294", 12.47, 1,    7312.76,  -40.7,    1.0157, 2,    7257.83, -161.6,    1.0081, 3,    7433.86,   79.9,    1.0325
"296", 12.47, 1,    7309.25,  -40.7,    1.0152, 2,    7254.86, -161.6,    1.0077, 3,    7432.76,   79.9,    1.0324
"300", 12.47, 1,     7302.8,  -40.7,    1.0143, 2,    7249.24, -161.6,    1.0069, 3,    7430.71,   79.9,    1.0321
"302", 12.47, 1,    7297.21,  -40.7,    1.0136, 2,     7244.2, -161.6,    1.0062, 3,     7428.9,   79.9,    1.0319
"307", 12.47, 1,     7293.2,  -40.7,     1.013, 2,    7240.64, -161.6,    1.0057, 3,    7427.75,   79.9,    1.0317
"312", 12.47, 1,    7289.42,  -40.7,    1.0125, 2,    7237.37, -161.6,    1.0053, 3,    7426.91,   79.9,    1.0316
"315", 12.47, 1,    7284.89,  -40.7,    1.0119, 2,    7233.16, -161.6,    1.0047, 3,    7425.87,   79.9,    1.0314
"321", 12.47, 1,    7278.99,  -40.7,     1.011, 2,    7227.57, -161.6,    1.0039, 3,    7424.51,   79.9,    1.0312
"324", 12.47, 1,    7272.52,  -40.7,    1.0101, 2,    7220.82, -161.6,     1.003, 3,    7422.91,   79.9,     1.031
"327", 12.47, 1,    7269.89,  -40.7,    1.0098, 2,    7218.15, -161.6,    1.0026, 3,    7422.21,   79.9,    1.0309
"328", 12.47, 1,    7269.84,  -40.7,    1.0098, 2,    7218.09, -161.6,    1.0026, 3,    7422.19,   79.9,    1.0309
"329", 12.47, 1,    7267.23,  -40.7,    1.0094, 2,    7215.45, -161.6,    1.0022, 3,    7421.51,   79.9,    1.0308
"330", 12.47, 1,    7266.56,  -40.7,    1.0093, 2,    7214.73, -161.6,    1.0021, 3,    7421.32,   79.9,    1.0308
"333", 12.47, 1,    7259.82,  -40.7,    1.0084, 2,    7207.45, -161.7,    1.0011, 3,    7419.49,   79.9,    1.0305
"335", 12.47, 1,    7256.66,  -40.7,    1.0079, 2,    7204.14, -161.7,    1.0006, 3,     7418.6,   79.9,    1.0304
"337", 12.47, 1,    7252.94,  -40.7,    1.0074, 2,    7200.27, -161.7,    1.0001, 3,    7417.54,   79.9,    1.0303
"339", 12.47, 1,    7251.93,  -40.7,    1.0073, 2,    7199.14, -161.7,   0.99994, 3,    7417.25,   79.9,    1.0302
"350", 12.47, 1,    7245.09,  -40.7,    1.0063, 2,    7191.53, -161.7,   0.99888, 3,     7415.3,   79.9,      1.03
"351", 12.47, 1,    7244.33,  -40.7,    1.0062, 2,    7190.32, -161.7,   0.99872, 3,    7415.03,   79.9,    1.0299
"353", 12.47, 1,    7243.08,  -40.7,     1.006, 2,    7188.31, -161.7,   0.99844, 3,    7414.59,   79.9,    1.0299
"354", 12.47, 1,    7242.85,  -40.7,     1.006, 2,    7187.94, -161.7,   0.99839, 3,    7414.51,   79.9,    1.0299
"355", 12.47, 1,    7242.82,  -40.7,     1.006, 2,    7187.89, -161.7,   0.99838, 3,    7414.49,   79.9,    1.0299
"357", 12.47, 1,    7239.63,  -40.7,    1.0056, 2,    7182.78, -161.7,   0.99767, 3,    7413.37,   79.9,    1.0297
"360", 12.47, 1,    7233.12,  -40.7,    1.0047, 2,     7172.5, -161.7,   0.99624, 3,    7411.45,   79.9,    1.0294
"362", 12.47, 1,    7228.12,  -40.7,     1.004, 2,    7164.88, -161.7,   0.99518, 3,    7409.91,   79.9,    1.0292
"369", 12.47, 1,    7224.42,  -40.7,    1.0035, 2,    7159.62, -161.7,   0.99445, 3,    7409.92,   79.9,    1.0292
"370", 12.47, 1,    7220.98,  -40.7,     1.003, 2,    7154.59, -161.7,   0.99375, 3,    7409.95,   79.9,    1.0292
"376", 12.47, 1,    7217.85,  -40.7,    1.0025, 2,       7150, -161.7,   0.99312, 3,    7409.97,   79.9,    1.0292
"379", 12.47, 1,    7215.57,  -40.7,    1.0022, 2,    7146.73, -161.8,   0.99266, 3,    7410.11,   79.9,    1.0292
"383", 12.47, 1,    7211.78,  -40.7,    1.0017, 2,    7141.27, -161.8,    0.9919, 3,    7410.33,   79.9,    1.0293
"386", 12.47, 1,    7209.46,  -40.7,    1.0014, 2,    7137.73, -161.8,   0.99141, 3,    7410.49,   79.9,    1.0293
"388", 12.47, 1,    7208.49,  -40.7,    1.0012, 2,    7136.25, -161.8,   0.99121, 3,    7410.56,   79.9,    1.0293
"393", 12.47, 1,    7204.15,  -40.7,    1.0006, 2,    7129.79, -161.8,   0.99031, 3,    7411.21,   79.9,    1.0294
"397", 12.47, 1,    7201.02,  -40.7,    1.0002, 2,    7125.29, -161.8,   0.98968, 3,    7411.64,   79.9,    1.0295
"407", 12.47, 1,    7196.94,  -40.7,   0.99964, 2,    7119.54, -161.8,   0.98889, 3,    7412.16,   79.9,    1.0295
"410", 12.47, 1,    7195.45,  -40.7,   0.99943, 2,    7117.54, -161.8,   0.98861, 3,    7412.57,   79.9,    1.0296
"414", 12.47, 1,     7193.5,  -40.7,   0.99916, 2,    7114.92, -161.8,   0.98824, 3,    7413.11,   79.9,    1.0297
"420", 12.47, 1,    7189.88,  -40.7,   0.99866, 2,    7110.06, -161.8,   0.98757, 3,     7414.1,   79.9,    1.0298
"428", 12.47, 1,    7185.58,  -40.7,   0.99806, 2,    7104.48, -161.8,   0.98679, 3,    7415.22,   79.9,      1.03
"434", 12.47, 1,    7183.16,  -40.7,   0.99772, 2,    7101.14, -161.8,   0.98633, 3,     7415.9,   79.9,      1.03
"439", 12.47, 1,    7182.38,  -40.7,   0.99761, 2,    7096.18, -161.9,   0.98564, 3,    7417.07,   79.9,    1.0302
"445", 12.47, 1,    7181.78,  -40.7,   0.99753, 2,    7092.43, -161.9,   0.98512, 3,    7417.95,   79.9,    1.0303
"451", 12.47, 1,    7181.37,  -40.6,   0.99747, 2,    7089.14, -161.9,   0.98466, 3,    7418.72,   79.9,    1.0304
"454", 12.47, 1,    7180.85,  -40.6,    0.9974, 2,    7085.11, -161.9,    0.9841, 3,    7419.77,   79.9,    1.0306
"460", 12.47, 1,    7180.52,  -40.6,   0.99736, 2,    7082.59, -161.9,   0.98375, 3,     7420.4,   79.9,    1.0307
"463", 12.47, 1,    7180.26,  -40.6,   0.99732, 2,    7080.19, -161.9,   0.98342, 3,    7421.01,   79.9,    1.0308
"363", 12.47, 1,    7228.12,  -40.7,     1.004, 2,    7164.87, -161.7,   0.99518, 3,     7409.9,   79.9,    1.0292
"364", 12.47, 1,     7228.1,  -40.7,     1.004, 2,    7164.85, -161.7,   0.99518, 3,    7409.88,   79.9,    1.0292
"365", 12.47, 1,    7228.09,  -40.7,     1.004, 2,    7164.83, -161.7,   0.99518, 3,    7409.87,   79.9,    1.0292
"366", 12.47, 1,    7228.09,  -40.7,     1.004, 2,    7164.83, -161.7,   0.99518, 3,    7409.86,   79.9,    1.0292
"368", 12.47, 1,    7228.02,  -40.7,     1.004, 2,    7164.76, -161.7,   0.99517, 3,     7409.8,   79.9,    1.0292
"215", 12.47, 1,    7041.14,  -39.5,     0.978, 2,    7029.66, -160.0,    0.9764, 3,    7315.32,   81.0,    1.0161
"217", 12.47, 1,    7041.06,  -39.5,   0.97799, 2,    7029.53, -160.0,   0.97638, 3,    7315.25,   81.0,    1.0161
"223", 12.47, 1,    7040.93,  -39.5,   0.97797, 2,    7029.41, -160.0,   0.97637, 3,    7315.09,   81.0,     1.016
"72", 12.47, 1,    7170.95,  -38.4,   0.99603, 2,    7235.52, -158.8,     1.005, 3,    7468.75,   82.6,    1.0374
"74", 12.47, 1,    7162.63,  -38.5,   0.99487, 2,    7230.67, -158.9,    1.0043, 3,    7468.16,   82.6,    1.0373
"75", 12.47, 1,    7160.72,  -38.5,   0.99461, 2,    7229.55, -158.9,    1.0042, 3,    7468.02,   82.6,    1.0373
"76", 12.47, 1,    7159.88,  -38.5,   0.99449, 2,    7229.06, -158.9,    1.0041, 3,    7467.96,   82.6,    1.0373
"77", 12.47, 1,     7159.4,  -38.5,   0.99442, 2,     7228.6, -158.9,     1.004, 3,    7467.67,   82.6,    1.0372
"78", 12.47, 1,    7157.46,  -38.5,   0.99415, 2,    7227.47, -158.9,    1.0039, 3,    7467.53,   82.6,    1.0372
"81", 12.47, 1,    7149.42,  -38.6,   0.99304, 2,    7222.84, -159.0,    1.0032, 3,    7467.02,   82.6,    1.0371
"83", 12.47, 1,    7142.48,  -38.6,   0.99207, 2,    7218.76, -159.1,    1.0027, 3,    7466.59,   82.5,    1.0371
"85", 12.47, 1,    7133.24,  -38.7,   0.99079, 2,    7213.39, -159.1,    1.0019, 3,    7466.08,   82.5,     1.037
"87", 12.47, 1,    7124.84,  -38.8,   0.98962, 2,    7208.44, -159.2,    1.0012, 3,    7465.62,   82.5,     1.037
"88", 12.47, 1,    7115.21,  -38.8,   0.98828, 2,    7202.78, -159.3,    1.0004, 3,    7465.11,   82.4,    1.0369
"89", 12.47, 1,    7107.85,  -38.9,   0.98726, 2,    7198.47, -159.4,   0.99985, 3,    7464.71,   82.4,    1.0368
"92", 12.47, 1,    7103.79,  -38.9,    0.9867, 2,    7196.09, -159.4,   0.99952, 3,     7464.5,   82.4,    1.0368
"94", 12.47, 1,    7098.58,  -38.9,   0.98597, 2,    7193.05, -159.5,    0.9991, 3,    7464.23,   82.4,    1.0368
"97", 12.47, 1,    7091.03,  -39.0,   0.98493, 2,    7188.72, -159.6,    0.9985, 3,    7463.94,   82.3,    1.0367
"103", 12.47, 1,    7055.06,  -39.3,   0.97993, 2,    7168.24, -159.9,   0.99565, 3,    7462.56,   82.2,    1.0365
"108", 12.47, 1,     7031.5,  -39.4,   0.97666, 2,    7154.71, -160.1,   0.99377, 3,    7461.71,   82.1,    1.0364
"109", 12.47, 1,    7023.54,  -39.5,   0.97555, 2,    7150.16, -160.2,   0.99314, 3,    7461.43,   82.1,    1.0364
"112", 12.47, 1,    7016.21,  -39.5,   0.97453, 2,       7146, -160.3,   0.99256, 3,     7461.2,   82.1,    1.0363
"113", 12.47, 1,    7014.47,  -39.6,   0.97429, 2,    7145.03, -160.3,   0.99243, 3,    7461.16,   82.1,    1.0363
"116", 12.47, 1,    7007.53,  -39.6,   0.97333, 2,    7141.18, -160.4,   0.99189, 3,    7461.04,   82.0,    1.0363
"117", 12.47, 1,    7005.81,  -39.6,   0.97309, 2,    7140.22, -160.4,   0.99176, 3,    7461.02,   82.0,    1.0363
"120", 12.47, 1,    6988.74,  -39.7,   0.97072, 2,    7130.99, -160.6,   0.99048, 3,    7460.98,   82.0,    1.0363
"122", 12.47, 1,    6979.52,  -39.8,   0.96944, 2,    7126.06, -160.6,   0.98979, 3,       7461,   82.0,    1.0363
"123", 12.47, 1,    6979.06,  -39.8,   0.96937, 2,    7125.61, -160.7,   0.98973, 3,    7460.74,   82.0,    1.0363
"125", 12.47, 1,    6971.31,  -39.9,    0.9683, 2,    7121.47, -160.7,   0.98915, 3,    7460.76,   81.9,    1.0363
"126", 12.47, 1,    6967.71,  -39.9,    0.9678, 2,    7119.59, -160.8,   0.98889, 3,    7460.74,   81.9,    1.0363
"127", 12.47, 1,    6963.65,  -39.9,   0.96723, 2,    7117.49, -160.8,    0.9886, 3,    7460.74,   81.9,    1.0363
"130", 12.47, 1,    6958.05,  -40.0,   0.96646, 2,    7114.67, -160.9,   0.98821, 3,    7460.83,   81.9,    1.0363
"133", 12.47, 1,    6934.03,  -40.2,   0.96312, 2,    7102.98, -161.1,   0.98659, 3,    7460.86,   81.8,    1.0363
"134", 12.47, 1,       6934,  -40.2,   0.96311, 2,    7102.95, -161.1,   0.98658, 3,    7460.82,   81.8,    1.0363
"135", 12.47, 1,    6933.96,  -40.2,   0.96311, 2,    7102.91, -161.1,   0.98658, 3,    7460.77,   81.8,    1.0363
"139", 12.47, 1,    6933.52,  -40.2,   0.96305, 2,    7102.38, -161.1,    0.9865, 3,    7460.18,   81.8,    1.0362
"140", 12.47, 1,    6933.52,  -40.2,   0.96305, 2,    7102.38, -161.1,    0.9865, 3,    7460.18,   81.8,    1.0362
"137", 12.47, 1,    6924.75,  -40.2,   0.96183, 2,    7098.54, -161.2,   0.98597, 3,    7460.96,   81.8,    1.0363
"138", 12.47, 1,    6924.08,  -40.2,   0.96174, 2,    7098.22, -161.2,   0.98592, 3,    7460.96,   81.8,    1.0363
"142", 12.47, 1,    6915.32,  -40.3,   0.96052, 2,    7094.05, -161.3,   0.98534, 3,    7461.06,   81.8,    1.0363
"144", 12.47, 1,    6901.05,  -40.4,   0.95854, 2,    7087.15, -161.4,   0.98439, 3,    7461.25,   81.7,    1.0363
"149", 12.47, 1,    6888.23,  -40.5,   0.95676, 2,    7081.21, -161.5,   0.98356, 3,    7460.81,   81.7,    1.0363
"150", 12.47, 1,    6887.83,  -40.5,    0.9567, 2,    7081.03, -161.5,   0.98354, 3,     7460.8,   81.7,    1.0363
"151", 12.47, 1,    6887.42,  -40.5,   0.95665, 2,    7080.65, -161.6,   0.98348, 3,    7460.56,   81.7,    1.0363
"152", 12.47, 1,    6886.65,  -40.5,   0.95654, 2,    7080.29, -161.6,   0.98343, 3,    7460.53,   81.7,    1.0362
"154", 12.47, 1,    6881.51,  -40.6,   0.95582, 2,    7077.92, -161.6,   0.98311, 3,    7460.36,   81.7,    1.0362
"157", 12.47, 1,    6876.97,  -40.6,   0.95519, 2,     7075.8, -161.7,   0.98281, 3,    7460.21,   81.6,    1.0362
"161", 12.47, 1,    6869.34,  -40.7,   0.95413, 2,    7072.15, -161.7,    0.9823, 3,    7459.98,   81.6,    1.0362
"163", 12.47, 1,    6864.31,  -40.7,   0.95344, 2,    7069.76, -161.8,   0.98197, 3,    7459.82,   81.6,    1.0361
"165", 12.47, 1,    6859.75,  -40.7,    0.9528, 2,    7067.56, -161.8,   0.98167, 3,    7459.67,   81.6,    1.0361
"166", 12.47, 1,    6859.56,  -40.7,   0.95277, 2,    7067.47, -161.8,   0.98165, 3,    7459.67,   81.6,    1.0361
"169", 12.47, 1,     6850.8,  -40.8,   0.95156, 2,    7063.21, -161.9,   0.98106, 3,    7459.41,   81.6,    1.0361
"172", 12.47, 1,    6838.84,  -40.9,    0.9499, 2,    7057.24, -162.0,   0.98023, 3,    7459.08,   81.5,     1.036
"173", 12.47, 1,    6836.25,  -40.9,   0.94954, 2,    7055.97, -162.1,   0.98006, 3,    7459.03,   81.5,     1.036
"174", 12.47, 1,    6832.23,  -41.0,   0.94898, 2,    7053.98, -162.1,   0.97978, 3,    7458.94,   81.5,     1.036
"175", 12.47, 1,    6830.69,  -41.0,   0.94877, 2,    7053.23, -162.1,   0.97968, 3,    7458.91,   81.5,     1.036
"179", 12.47, 1,    6825.65,  -41.0,   0.94807, 2,    7050.68, -162.2,   0.97932, 3,    7458.82,   81.5,     1.036
"184", 12.47, 1,    6815.98,  -41.1,   0.94672, 2,    7045.83, -162.3,   0.97865, 3,    7458.67,   81.4,     1.036
"185", 12.47, 1,    6811.73,  -41.2,   0.94613, 2,     7043.7, -162.3,   0.97835, 3,     7458.6,   81.4,     1.036
"186", 12.47, 1,    6810.46,  -41.2,   0.94596, 2,    7043.06, -162.3,   0.97826, 3,    7458.58,   81.4,     1.036
"190", 12.47, 1,    6801.95,  -41.2,   0.94477, 2,    7038.82, -162.4,   0.97767, 3,    7458.47,   81.4,     1.036
"198", 12.47, 1,    6796.77,  -41.3,   0.94405, 2,    7036.24, -162.5,   0.97732, 3,     7458.4,   81.4,     1.036
"199", 12.47, 1,    6793.87,  -41.3,   0.94365, 2,    7034.81, -162.5,   0.97712, 3,    7458.37,   81.4,    1.0359
"203", 12.47, 1,    6788.02,  -41.3,   0.94284, 2,    7031.43, -162.6,   0.97665, 3,    7458.39,   81.3,     1.036
"205", 12.47, 1,    6782.95,  -41.4,   0.94213, 2,    7028.46, -162.6,   0.97623, 3,    7458.43,   81.3,     1.036
"213", 12.47, 1,    6774.76,  -41.5,     0.941, 2,    7023.73, -162.7,   0.97558, 3,    7458.42,   81.3,     1.036
"216", 12.47, 1,    6767.58,  -41.5,      0.94, 2,    7019.64, -162.8,   0.97501, 3,    7458.38,   81.2,    1.0359
"219", 12.47, 1,    6763.35,  -41.6,   0.93941, 2,    7017.25, -162.8,   0.97468, 3,    7458.38,   81.2,     1.036
"218", 12.47, 1,    7439.26,  -41.6,    1.0333, 2,     7455.4, -162.9,    1.0355, 3,    7504.85,   81.2,    1.0424
"221", 12.47, 1,    7438.49,  -41.6,    1.0332, 2,    7454.87, -162.9,    1.0355, 3,    7504.83,   81.2,    1.0424
"222", 12.47, 1,    7438.15,  -41.6,    1.0331, 2,    7454.53, -162.9,    1.0354, 3,    7504.61,   81.2,    1.0424
"224", 12.47, 1,    7433.04,  -41.6,    1.0324, 2,    7451.04, -162.9,    1.0349, 3,    7504.52,   81.2,    1.0424
"225", 12.47, 1,    7430.67,  -41.6,    1.0321, 2,    7449.54, -163.0,    1.0347, 3,     7504.6,   81.2,    1.0424
"227", 12.47, 1,    7421.83,  -41.7,    1.0309, 2,    7444.05, -163.0,     1.034, 3,    7504.77,   81.1,    1.0424
"236", 12.47, 1,    7392.97,  -41.9,    1.0269, 2,    7426.22, -163.4,    1.0315, 3,    7505.38,   81.0,    1.0425
"239", 12.47, 1,    7380.86,  -42.0,    1.0252, 2,    7418.72, -163.5,    1.0304, 3,    7505.66,   80.9,    1.0425
"240", 12.47, 1,    7371.33,  -42.1,    1.0239, 2,    7412.96, -163.6,    1.0296, 3,    7506.01,   80.9,    1.0426
"242", 12.47, 1,    7363.62,  -42.1,    1.0228, 2,    7408.31, -163.7,     1.029, 3,     7506.3,   80.9,    1.0426
"245", 12.47, 1,    7354.78,  -42.2,    1.0216, 2,    7402.84, -163.8,    1.0282, 3,    7506.67,   80.8,    1.0427
"248", 12.47, 1,    7344.79,  -42.3,    1.0202, 2,    7396.67, -163.9,    1.0274, 3,    7507.09,   80.8,    1.0427
"253", 12.47, 1,    7328.28,  -42.4,    1.0179, 2,    7386.51, -164.1,     1.026, 3,     7507.8,   80.7,    1.0428
"254", 12.47, 1,     7327.9,  -42.4,    1.0178, 2,    7386.28, -164.1,    1.0259, 3,    7507.82,   80.7,    1.0428
"256", 12.47, 1,    7322.03,  -42.5,     1.017, 2,    7382.69, -164.2,    1.0254, 3,    7508.08,   80.7,    1.0429
"258", 12.47, 1,     7316.9,  -42.5,    1.0163, 2,    7379.46, -164.2,     1.025, 3,    7508.32,   80.6,    1.0429
"259", 12.47, 1,    7314.72,  -42.5,     1.016, 2,     7378.1, -164.2,    1.0248, 3,    7508.43,   80.6,    1.0429
"261", 12.47, 1,    7304.99,  -42.6,    1.0146, 2,    7371.95, -164.4,    1.0239, 3,    7508.91,   80.6,     1.043
"263", 12.47, 1,    7297.55,  -42.7,    1.0136, 2,    7367.36, -164.4,    1.0233, 3,    7509.38,   80.5,     1.043
"265", 12.47, 1,    7292.86,  -42.7,     1.013, 2,    7364.51, -164.5,    1.0229, 3,    7509.72,   80.5,    1.0431
"266", 12.47, 1,    7290.46,  -42.7,    1.0126, 2,    7363.07, -164.5,    1.0227, 3,    7509.92,   80.5,    1.0431
"267", 12.47, 1,    7288.08,  -42.7,    1.0123, 2,    7361.64, -164.6,    1.0225, 3,    7510.11,   80.5,    1.0431
"269", 12.47, 1,    7283.82,  -42.8,    1.0117, 2,    7359.09, -164.6,    1.0222, 3,    7510.45,   80.5,    1.0432
"270", 12.47, 1,    7278.52,  -42.8,     1.011, 2,    7355.92, -164.7,    1.0217, 3,    7510.87,   80.4,    1.0432
"272", 12.47, 1,    7272.97,  -42.8,    1.0102, 2,    7352.62, -164.7,    1.0213, 3,    7511.32,   80.4,    1.0433
"273", 12.47, 1,    7269.86,  -42.9,    1.0098, 2,    7350.77, -164.8,     1.021, 3,    7511.57,   80.4,    1.0433
"274", 12.47, 1,    7268.44,  -42.9,    1.0096, 2,    7349.92, -164.8,    1.0209, 3,    7511.69,   80.4,    1.0434
"275", 12.47, 1,    7267.39,  -42.9,    1.0094, 2,     7349.3, -164.8,    1.0208, 3,    7511.77,   80.4,    1.0434
"276", 12.47, 1,    7258.25,  -43.0,    1.0082, 2,    7343.87, -164.9,      1.02, 3,    7512.52,   80.4,    1.0435
"278", 12.47, 1,    7255.11,  -43.0,    1.0077, 2,    7342.01, -164.9,    1.0198, 3,    7512.77,   80.3,    1.0435
"279", 12.47, 1,     7251.4,  -43.0,    1.0072, 2,    7339.82, -165.0,    1.0195, 3,    7513.08,   80.3,    1.0435
"280", 12.47, 1,    7250.08,  -43.0,     1.007, 2,    7339.04, -165.0,    1.0194, 3,    7513.18,   80.3,    1.0436
"281", 12.47, 1,    7247.98,  -43.0,    1.0067, 2,    7337.81, -165.0,    1.0192, 3,    7513.35,   80.3,    1.0436
"282", 12.47, 1,    7247.66,  -43.0,    1.0067, 2,    7337.48, -165.0,    1.0192, 3,    7513.15,   80.3,    1.0436
"283", 12.47, 1,    7246.95,  -43.0,    1.0066, 2,    7337.06, -165.0,    1.0191, 3,    7513.21,   80.3,    1.0436
"285", 12.47, 1,    7244.96,  -43.1,    1.0063, 2,    7336.34, -165.1,     1.019, 3,    7512.95,   80.3,    1.0435
"287", 12.47, 1,    7244.03,  -43.1,    1.0062, 2,       7336, -165.1,     1.019, 3,    7512.83,   80.3,    1.0435
"289", 12.47, 1,    7241.44,  -43.1,    1.0058, 2,    7335.05, -165.1,    1.0188, 3,    7512.49,   80.3,    1.0435
"293", 12.47, 1,    7235.85,  -43.2,     1.005, 2,    7333.02, -165.1,    1.0185, 3,    7511.76,   80.3,    1.0434
"295", 12.47, 1,    7231.25,  -43.2,    1.0044, 2,    7331.37, -165.2,    1.0183, 3,     7511.2,   80.2,    1.0433
"299", 12.47, 1,    7223.96,  -43.3,    1.0034, 2,    7328.77, -165.3,    1.0179, 3,    7510.31,   80.2,    1.0432
"301", 12.47, 1,     7219.7,  -43.3,    1.0028, 2,    7327.25, -165.3,    1.0177, 3,    7509.79,   80.2,    1.0431
"303", 12.47, 1,    7217.24,  -43.3,    1.0025, 2,    7326.37, -165.3,    1.0176, 3,    7509.49,   80.2,     1.043
"305", 12.47, 1,    7211.73,  -43.4,    1.0017, 2,    7323.05, -165.4,    1.0172, 3,    7507.25,   80.2,    1.0427
"311", 12.47, 1,    7204.33,  -43.4,    1.0007, 2,     7318.6, -165.4,    1.0165, 3,    7504.23,   80.1,    1.0423
"313", 12.47, 1,    7195.54,  -43.5,   0.99944, 2,    7313.31, -165.4,    1.0158, 3,    7500.65,   80.1,    1.0418
"314", 12.47, 1,    7193.27,  -43.5,   0.99913, 2,    7311.86, -165.5,    1.0156, 3,    7499.71,   80.1,    1.0417
"316", 12.47, 1,     7183.4,  -43.5,   0.99776, 2,    7305.56, -165.5,    1.0147, 3,     7495.6,   80.1,    1.0411
"317", 12.47, 1,     7183.1,  -43.5,   0.99771, 2,     7305.3, -165.5,    1.0147, 3,    7495.41,   80.1,    1.0411
"318", 12.47, 1,     7182.8,  -43.5,   0.99767, 2,    7305.05, -165.5,    1.0147, 3,    7495.22,   80.1,    1.0411
"320", 12.47, 1,    7181.96,  -43.5,   0.99756, 2,    7304.51, -165.5,    1.0146, 3,    7494.87,   80.1,     1.041
"322", 12.47, 1,    7173.02,  -43.6,   0.99631, 2,    7298.32, -165.6,    1.0137, 3,    7490.32,   80.0,    1.0404
"323", 12.47, 1,    7163.41,  -43.6,   0.99498, 2,    7291.68, -165.6,    1.0128, 3,     7485.4,   80.0,    1.0397
"331", 12.47, 1,     7141.1,  -43.7,   0.99188, 2,    7276.15, -165.7,    1.0106, 3,    7473.95,   80.0,    1.0381
"340", 12.47, 1,    7097.96,  -43.9,   0.98589, 2,    7245.29, -165.8,    1.0064, 3,    7451.55,   79.9,     1.035
"342", 12.47, 1,    7095.49,  -43.9,   0.98555, 2,    7243.52, -165.8,    1.0061, 3,    7450.26,   79.9,    1.0348
"344", 12.47, 1,    7090.34,  -43.9,   0.98483, 2,    7239.86, -165.9,    1.0056, 3,    7447.57,   79.9,    1.0344
"343", 12.47, 1,    7532.93,  -43.9,    1.0463, 2,    7510.86, -165.9,    1.0432, 3,    7540.28,   79.9,    1.0473
"345", 12.47, 1,     7531.4,  -43.9,    1.0461, 2,    7509.71, -165.9,    1.0431, 3,    7539.43,   79.9,    1.0472
"346", 12.47, 1,    7531.07,  -43.9,     1.046, 2,    7509.41, -165.9,     1.043, 3,    7539.18,   79.9,    1.0472
"347", 12.47, 1,    7528.23,  -43.9,    1.0457, 2,    7507.26, -165.9,    1.0427, 3,    7537.58,   79.9,     1.047
"348", 12.47, 1,    7528.19,  -43.9,    1.0456, 2,    7507.27, -165.9,    1.0427, 3,    7537.58,   79.9,     1.047
"349", 12.47, 1,    7528.18,  -43.9,    1.0456, 2,    7507.27, -165.9,    1.0427, 3,    7537.58,   79.9,     1.047
"352", 12.47, 1,    7528.08,  -43.9,    1.0456, 2,    7507.29, -165.9,    1.0427, 3,    7537.57,   79.9,    1.0469
"356", 12.47, 1,    7511.11,  -44.0,    1.0433, 2,    7494.17, -166.0,    1.0409, 3,    7527.94,   79.8,    1.0456
"358", 12.47, 1,    7500.79,  -44.0,    1.0418, 2,    7486.24, -166.0,    1.0398, 3,    7522.21,   79.8,    1.0448
"359", 12.47, 1,    7482.03,  -44.1,    1.0392, 2,    7471.82, -166.1,    1.0378, 3,     7511.8,   79.8,    1.0434
"361", 12.47, 1,    7460.46,  -44.1,    1.0362, 2,    7455.26, -166.2,    1.0355, 3,    7500.13,   79.7,    1.0417
"367", 12.47, 1,    7451.57,  -44.2,     1.035, 2,    7448.44, -166.2,    1.0346, 3,    7495.32,   79.7,    1.0411
"371", 12.47, 1,    7432.37,  -44.2,    1.0323, 2,     7433.5, -166.3,    1.0325, 3,    7484.87,   79.7,    1.0396
"372", 12.47, 1,    7428.44,  -44.2,    1.0318, 2,     7430.6, -166.3,    1.0321, 3,    7481.36,   79.7,    1.0391
"373", 12.47, 1,    7428.29,  -44.2,    1.0318, 2,    7430.48, -166.3,    1.0321, 3,    7481.23,   79.7,    1.0391
"380", 12.47, 1,    7404.14,  -44.3,    1.0284, 2,    7412.64, -166.3,    1.0296, 3,    7459.69,   79.7,    1.0361
"381", 12.47, 1,    7398.87,  -44.3,    1.0277, 2,    7408.77, -166.3,    1.0291, 3,    7455.07,   79.7,    1.0355
"384", 12.47, 1,    7393.54,  -44.3,    1.0269, 2,    7404.86, -166.3,    1.0285, 3,    7450.41,   79.7,    1.0348
"392", 12.47, 1,    7371.63,  -44.3,    1.0239, 2,    7388.76, -166.3,    1.0263, 3,    7431.22,   79.7,    1.0322
"395", 12.47, 1,    7358.07,  -44.3,     1.022, 2,    7378.85, -166.3,    1.0249, 3,    7419.57,   79.7,    1.0306
"399", 12.47, 1,    7356.68,  -44.3,    1.0218, 2,    7376.55, -166.3,    1.0246, 3,    7418.18,   79.7,    1.0304
"404", 12.47, 1,    7355.37,  -44.3,    1.0216, 2,    7374.44, -166.3,    1.0243, 3,    7416.87,   79.6,    1.0302
"406", 12.47, 1,    7355.21,  -44.3,    1.0216, 2,    7374.19, -166.3,    1.0243, 3,    7416.71,   79.6,    1.0302
"412", 12.47, 1,    7352.96,  -44.3,    1.0213, 2,    7370.54, -166.3,    1.0237, 3,    7414.43,   79.6,    1.0298
"416", 12.47, 1,    7350.47,  -44.3,     1.021, 2,    7366.57, -166.3,    1.0232, 3,    7411.85,   79.6,    1.0295
"419", 12.47, 1,    7349.67,  -44.3,    1.0208, 2,    7365.29, -166.3,     1.023, 3,    7411.03,   79.6,    1.0294
"435", 12.47, 1,    7344.75,  -44.3,    1.0202, 2,    7357.52, -166.3,    1.0219, 3,    7405.87,   79.6,    1.0287
"443", 12.47, 1,    7341.57,  -44.3,    1.0197, 2,    7352.57, -166.4,    1.0213, 3,    7402.47,   79.6,    1.0282
"452", 12.47, 1,    7340.49,  -44.3,    1.0196, 2,    7348.04, -166.4,    1.0206, 3,    7400.02,   79.5,    1.0278
"459", 12.47, 1,    7339.33,  -44.3,    1.0194, 2,     7342.7, -166.4,    1.0199, 3,    7397.19,   79.5,    1.0275
"469", 12.47, 1,    7336.62,  -44.3,     1.019, 2,    7330.29, -166.4,    1.0182, 3,     7390.6,   79.5,    1.0265
"478", 12.47, 1,    7334.76,  -44.3,    1.0188, 2,    7321.76, -166.5,     1.017, 3,     7385.9,   79.4,    1.0259
"483", 12.47, 1,    7333.75,  -44.3,    1.0186, 2,    7315.43, -166.5,    1.0161, 3,    7382.56,   79.4,    1.0254
"486", 12.47, 1,    7333.15,  -44.3,    1.0186, 2,    7311.68, -166.5,    1.0156, 3,    7380.59,   79.4,    1.0251
"489", 12.47, 1,    7332.83,  -44.3,    1.0185, 2,    7309.65, -166.5,    1.0153, 3,    7379.47,   79.4,     1.025
"494", 12.47, 1,    7331.92,  -44.3,    1.0184, 2,    7304.76, -166.5,    1.0146, 3,    7377.03,   79.3,    1.0247
"501", 12.47, 1,    7330.74,  -44.3,    1.0182, 2,    7297.71, -166.5,    1.0136, 3,    7373.56,   79.3,    1.0242
"502", 12.47, 1,    7329.92,  -44.3,    1.0181, 2,    7294.73, -166.5,    1.0132, 3,    7372.65,   79.3,     1.024
"504", 12.47, 1,    7329.47,  -44.3,     1.018, 2,    7293.16, -166.5,     1.013, 3,    7372.21,   79.3,     1.024
"508", 12.47, 1,    7328.51,  -44.3,    1.0179, 2,    7289.82, -166.6,    1.0125, 3,    7371.26,   79.3,    1.0238
"515", 12.47, 1,    7326.67,  -44.3,    1.0177, 2,    7283.47, -166.6,    1.0117, 3,    7369.31,   79.2,    1.0236
"523", 12.47, 1,    7325.15,  -44.3,    1.0174, 2,     7278.3, -166.6,    1.0109, 3,    7367.64,   79.2,    1.0233
"526", 12.47, 1,    7324.49,  -44.3,    1.0174, 2,    7276.07, -166.6,    1.0106, 3,    7366.87,   79.2,    1.0232
"531", 12.47, 1,    7323.46,  -44.3,    1.0172, 2,    7272.07, -166.6,    1.0101, 3,    7365.54,   79.2,    1.0231
"539", 12.47, 1,    7322.36,  -44.3,    1.0171, 2,    7267.86, -166.6,    1.0095, 3,    7363.98,   79.2,    1.0228
"543", 12.47, 1,    7321.77,  -44.3,     1.017, 2,    7265.26, -166.6,    1.0091, 3,    7363.05,   79.2,    1.0227
"550", 12.47, 1,    7320.58,  -44.3,    1.0168, 2,    7259.99, -166.7,    1.0084, 3,    7361.05,   79.2,    1.0224
"551", 12.47, 1,     7320.5,  -44.3,    1.0168, 2,    7259.63, -166.7,    1.0083, 3,    7360.92,   79.2,    1.0224
"555", 12.47, 1,     7319.3,  -44.3,    1.0166, 2,    7254.32, -166.7,    1.0076, 3,    7358.91,   79.1,    1.0221
"556", 12.47, 1,    7318.91,  -44.3,    1.0166, 2,    7252.71, -166.7,    1.0074, 3,    7358.33,   79.1,    1.0221
"560", 12.47, 1,    7317.88,  -44.3,    1.0164, 2,    7249.31, -166.7,    1.0069, 3,    7357.51,   79.1,    1.0219
"563", 12.47, 1,    7317.28,  -44.3,    1.0164, 2,    7247.33, -166.7,    1.0066, 3,    7356.99,   79.1,    1.0219
"564", 12.47, 1,    7317.25,  -44.3,    1.0163, 2,    7247.25, -166.7,    1.0066, 3,    7356.94,   79.1,    1.0219
"566", 12.47, 1,    7316.57,  -44.3,    1.0163, 2,    7245.04, -166.7,    1.0063, 3,    7356.36,   79.1,    1.0218
"572", 12.47, 1,    7315.46,  -44.3,    1.0161, 2,    7241.51, -166.7,    1.0058, 3,    7355.29,   79.1,    1.0216
"578", 12.47, 1,    7314.38,  -44.3,    1.0159, 2,    7237.34, -166.8,    1.0052, 3,    7354.07,   79.1,    1.0215
"584", 12.47, 1,    7313.24,  -44.3,    1.0158, 2,    7232.99, -166.8,    1.0046, 3,    7352.67,   79.1,    1.0213
"590", 12.47, 1,     7311.4,  -44.3,    1.0155, 2,    7225.18, -166.8,    1.0036, 3,    7350.22,   79.0,    1.0209
"593", 12.47, 1,    7310.65,  -44.3,    1.0154, 2,    7222.02, -166.8,    1.0031, 3,    7349.23,   79.0,    1.0208
"594", 12.47, 1,    7310.13,  -44.3,    1.0154, 2,     7219.8, -166.8,    1.0028, 3,    7348.53,   79.0,    1.0207
"599", 12.47, 1,    7309.18,  -44.3,    1.0152, 2,    7215.78, -166.8,    1.0023, 3,    7347.27,   79.0,    1.0205
"601", 12.47, 1,    7308.85,  -44.3,    1.0152, 2,    7214.39, -166.8,    1.0021, 3,    7346.78,   79.0,    1.0204
"602", 12.47, 1,    7308.35,  -44.2,    1.0151, 2,    7212.28, -166.8,    1.0018, 3,    7346.05,   79.0,    1.0203
"605", 12.47, 1,    7307.58,  -44.2,     1.015, 2,    7208.38, -166.9,    1.0012, 3,    7344.74,   79.0,    1.0202
"608", 12.47, 1,    7307.11,  -44.2,    1.0149, 2,    7205.61, -166.9,    1.0008, 3,    7343.84,   78.9,      1.02
"609", 12.47, 1,    7307.19,  -44.2,    1.0149, 2,    7203.68, -166.9,    1.0006, 3,    7343.32,   78.9,      1.02
"610", 12.47, 1,    7307.23,  -44.2,     1.015, 2,    7202.54, -166.9,    1.0004, 3,    7343.01,   78.9,    1.0199
"611", 12.47, 1,    7307.26,  -44.2,     1.015, 2,    7201.81, -166.9,    1.0003, 3,     7342.8,   78.9,    1.0199
"612", 12.47, 1,    7307.48,  -44.2,     1.015, 2,    7201.67, -166.9,    1.0003, 3,    7342.04,   78.9,    1.0198
"615", 12.47, 1,    7308.11,  -44.2,    1.0151, 2,    7201.28, -166.9,    1.0002, 3,    7339.85,   78.9,    1.0195
"617", 12.47, 1,    7308.87,  -44.2,    1.0152, 2,    7200.79, -166.9,    1.0002, 3,    7337.18,   78.9,    1.0191
"619", 12.47, 1,    7309.08,  -44.2,    1.0152, 2,    7200.66, -166.9,    1.0002, 3,    7336.43,   78.9,     1.019
"622", 12.47, 1,    7309.63,  -44.2,    1.0153, 2,    7200.31, -166.9,    1.0001, 3,    7334.46,   78.9,    1.0187
"626", 12.47, 1,    7310.34,  -44.2,    1.0154, 2,    7199.86, -166.8,         1, 3,    7331.91,   78.9,    1.0184
"627", 12.47, 1,    7310.37,  -44.2,    1.0154, 2,    7199.84, -166.8,         1, 3,    7331.82,   78.9,    1.0184
"628", 12.47, 1,    7310.64,  -44.2,    1.0154, 2,    7199.67, -166.8,         1, 3,    7330.95,   78.9,    1.0182
"631", 12.47, 1,    7310.94,  -44.2,    1.0155, 2,    7199.48, -166.8,   0.99999, 3,    7329.99,   78.9,    1.0181
"632", 12.47, 1,    7311.16,  -44.3,    1.0155, 2,    7199.35, -166.8,   0.99997, 3,    7329.26,   78.9,     1.018
"635", 12.47, 1,    7311.78,  -44.3,    1.0156, 2,    7198.96, -166.8,   0.99992, 3,    7327.25,   78.8,    1.0177
"636", 12.47, 1,    7311.81,  -44.3,    1.0156, 2,    7198.95, -166.8,   0.99991, 3,    7327.18,   78.8,    1.0177
"637", 12.47, 1,    7311.81,  -44.3,    1.0156, 2,    7198.95, -166.8,   0.99991, 3,    7327.18,   78.8,    1.0177
"400", 12.47, 1,    7352.82,  -44.3,    1.0213, 2,    7378.41, -166.3,    1.0248, 3,    7416.17,   79.7,    1.0301
"401", 12.47, 1,    7352.05,  -44.3,    1.0212, 2,    7378.34, -166.3,    1.0248, 3,    7415.67,   79.7,      1.03
"408", 12.47, 1,    7346.27,  -44.3,    1.0204, 2,    7377.86, -166.3,    1.0248, 3,    7411.94,   79.7,    1.0295
"413", 12.47, 1,    7342.58,  -44.3,    1.0199, 2,    7377.55, -166.3,    1.0247, 3,    7409.63,   79.7,    1.0292
"415", 12.47, 1,    7340.13,  -44.3,    1.0195, 2,    7377.35, -166.3,    1.0247, 3,    7408.09,   79.7,     1.029
"417", 12.47, 1,    7334.06,  -44.3,    1.0187, 2,    7376.83, -166.3,    1.0246, 3,    7404.23,   79.7,    1.0284
"427", 12.47, 1,    7324.62,  -44.4,    1.0174, 2,    7375.94, -166.3,    1.0245, 3,    7398.11,   79.7,    1.0276
"429", 12.47, 1,    7324.28,  -44.4,    1.0173, 2,    7375.93, -166.3,    1.0245, 3,     7397.9,   79.7,    1.0275
"430", 12.47, 1,    7323.02,  -44.4,    1.0171, 2,    7375.89, -166.3,    1.0245, 3,     7397.1,   79.7,    1.0274
"436", 12.47, 1,    7320.55,  -44.4,    1.0168, 2,     7375.8, -166.3,    1.0245, 3,    7395.54,   79.7,    1.0272
"440", 12.47, 1,    7316.26,  -44.4,    1.0162, 2,    7375.68, -166.3,    1.0245, 3,    7392.96,   79.7,    1.0269
"446", 12.47, 1,    7310.37,  -44.4,    1.0154, 2,    7375.18, -166.3,    1.0244, 3,    7389.51,   79.7,    1.0264
"447", 12.47, 1,    7310.11,  -44.4,    1.0154, 2,    7375.15, -166.3,    1.0244, 3,    7389.36,   79.7,    1.0264
"450", 12.47, 1,    7307.04,  -44.4,    1.0149, 2,    7374.89, -166.3,    1.0244, 3,    7387.56,   79.7,    1.0261
"456", 12.47, 1,    7299.54,  -44.4,    1.0139, 2,    7374.29, -166.2,    1.0243, 3,    7383.44,   79.7,    1.0255
"457", 12.47, 1,    7299.15,  -44.4,    1.0138, 2,    7374.26, -166.2,    1.0243, 3,    7383.23,   79.7,    1.0255
"461", 12.47, 1,    7296.12,  -44.4,    1.0134, 2,    7374.01, -166.2,    1.0242, 3,    7381.57,   79.7,    1.0253
"462", 12.47, 1,    7294.38,  -44.4,    1.0132, 2,    7373.85, -166.2,    1.0242, 3,     7380.6,   79.7,    1.0251
"468", 12.47, 1,    7283.99,  -44.4,    1.0117, 2,    7372.87, -166.2,    1.0241, 3,    7374.85,   79.7,    1.0243
"472", 12.47, 1,    7272.41,  -44.5,    1.0101, 2,    7371.77, -166.2,    1.0239, 3,    7368.43,   79.7,    1.0235
"473", 12.47, 1,    7271.86,  -44.5,      1.01, 2,    7371.75, -166.2,    1.0239, 3,    7368.11,   79.7,    1.0234
"480", 12.47, 1,    7262.14,  -44.5,    1.0087, 2,    7370.62, -166.2,    1.0238, 3,    7362.42,   79.7,    1.0226
"481", 12.47, 1,    7262.08,  -44.5,    1.0087, 2,     7370.6, -166.2,    1.0238, 3,    7362.39,   79.7,    1.0226
"482", 12.47, 1,    7261.24,  -44.5,    1.0086, 2,    7370.51, -166.2,    1.0237, 3,     7361.9,   79.7,    1.0225
"487", 12.47, 1,    7250.74,  -44.5,    1.0071, 2,    7369.29, -166.2,    1.0236, 3,    7355.75,   79.7,    1.0217
"490", 12.47, 1,    7250.71,  -44.5,    1.0071, 2,    7369.21, -166.2,    1.0236, 3,    7355.74,   79.7,    1.0217
"491", 12.47, 1,    7250.69,  -44.5,    1.0071, 2,    7369.17, -166.2,    1.0236, 3,    7355.73,   79.7,    1.0217
"497", 12.47, 1,    7235.62,  -44.5,     1.005, 2,    7368.15, -166.2,    1.0234, 3,    7346.89,   79.7,    1.0205
"498", 12.47, 1,    7235.03,  -44.5,    1.0049, 2,     7368.1, -166.2,    1.0234, 3,    7346.54,   79.7,    1.0204
"500", 12.47, 1,    7232.25,  -44.5,    1.0045, 2,    7367.89, -166.2,    1.0234, 3,    7344.91,   79.7,    1.0202
"503", 12.47, 1,    7224.39,  -44.5,    1.0034, 2,    7367.29, -166.2,    1.0233, 3,     7340.3,   79.8,    1.0195
"511", 12.47, 1,    7213.08,  -44.6,    1.0019, 2,    7366.72, -166.2,    1.0232, 3,    7333.83,   79.8,    1.0187
"512", 12.47, 1,     7211.1,  -44.6,    1.0016, 2,    7366.62, -166.2,    1.0232, 3,     7332.7,   79.8,    1.0185
"517", 12.47, 1,    7208.36,  -44.6,    1.0012, 2,    7365.66, -166.2,    1.0231, 3,    7329.76,   79.8,    1.0181
"518", 12.47, 1,    7207.89,  -44.6,    1.0012, 2,     7365.5, -166.2,     1.023, 3,    7329.27,   79.8,     1.018
"525", 12.47, 1,    7204.91,  -44.6,    1.0007, 2,    7364.56, -166.2,    1.0229, 3,    7326.03,   79.8,    1.0176
"527", 12.47, 1,    7203.74,  -44.6,    1.0006, 2,    7364.19, -166.2,    1.0229, 3,    7324.77,   79.8,    1.0174
"533", 12.47, 1,     7200.8,  -44.6,    1.0002, 2,       7364, -166.2,    1.0228, 3,    7321.88,   79.8,     1.017
"535", 12.47, 1,    7200.74,  -44.6,    1.0002, 2,    7363.88, -166.2,    1.0228, 3,    7321.79,   79.8,     1.017
"536", 12.47, 1,    7200.66,  -44.6,    1.0002, 2,    7363.73, -166.2,    1.0228, 3,    7321.68,   79.8,     1.017
"540", 12.47, 1,    7200.54,  -44.6,    1.0001, 2,    7363.52, -166.2,    1.0228, 3,    7321.57,   79.8,    1.0169
"542", 12.47, 1,    7200.46,  -44.6,    1.0001, 2,     7363.4, -166.2,    1.0228, 3,     7321.5,   79.8,    1.0169
"545", 12.47, 1,    7200.35,  -44.6,    1.0001, 2,    7363.27, -166.2,    1.0227, 3,    7321.38,   79.8,    1.0169
"544", 12.47, 1,    7198.34,  -44.6,   0.99983, 2,    7364.61, -166.2,    1.0229, 3,    7319.58,   79.8,    1.0167
"546", 12.47, 1,    7198.08,  -44.6,    0.9998, 2,    7364.67, -166.2,    1.0229, 3,    7319.35,   79.8,    1.0166
"547", 12.47, 1,    7198.07,  -44.6,   0.99979, 2,    7364.67, -166.2,    1.0229, 3,    7319.33,   79.8,    1.0166
"549", 12.47, 1,    7196.81,  -44.6,   0.99962, 2,       7365, -166.2,     1.023, 3,    7318.37,   79.8,    1.0165
"552", 12.47, 1,    7196.08,  -44.6,   0.99952, 2,    7365.16, -166.2,     1.023, 3,    7317.41,   79.8,    1.0164
"554", 12.47, 1,    7195.34,  -44.6,   0.99941, 2,    7365.32, -166.2,     1.023, 3,    7316.45,   79.8,    1.0162
"559", 12.47, 1,    7194.89,  -44.6,   0.99935, 2,    7365.36, -166.2,     1.023, 3,    7315.02,   79.8,     1.016
"565", 12.47, 1,    7194.67,  -44.6,   0.99932, 2,    7365.36, -166.2,     1.023, 3,    7314.14,   79.8,    1.0159
"571", 12.47, 1,    7194.43,  -44.6,   0.99929, 2,    7365.36, -166.2,     1.023, 3,    7313.19,   79.8,    1.0158
"575", 12.47, 1,    7194.29,  -44.6,   0.99927, 2,    7365.33, -166.2,     1.023, 3,     7312.2,   79.8,    1.0156
"576", 12.47, 1,    7194.29,  -44.6,   0.99927, 2,    7365.33, -166.2,     1.023, 3,    7312.18,   79.8,    1.0156
"579", 12.47, 1,    7193.98,  -44.6,   0.99923, 2,    7365.28, -166.2,     1.023, 3,     7310.6,   79.7,    1.0154
"580", 12.47, 1,    7193.98,  -44.6,   0.99922, 2,    7365.28, -166.2,     1.023, 3,    7310.55,   79.7,    1.0154
"581", 12.47, 1,    7193.93,  -44.6,   0.99922, 2,    7365.26, -166.2,     1.023, 3,    7310.26,   79.7,    1.0154
"583", 12.47, 1,     7193.8,  -44.6,    0.9992, 2,    7365.23, -166.2,     1.023, 3,    7309.38,   79.7,    1.0153
"587", 12.47, 1,    7193.55,  -44.6,   0.99917, 2,    7365.14, -166.2,     1.023, 3,    7307.57,   79.7,     1.015
"589", 12.47, 1,    7193.48,  -44.6,   0.99916, 2,    7365.13, -166.2,     1.023, 3,     7307.2,   79.7,     1.015
"592", 12.47, 1,    7193.49,  -44.6,   0.99916, 2,    7365.06, -166.2,     1.023, 3,    7306.42,   79.7,    1.0148
"595", 12.47, 1,    7193.54,  -44.6,   0.99916, 2,    7365.04, -166.2,     1.023, 3,    7306.25,   79.7,    1.0148
"596", 12.47, 1,    7193.54,  -44.6,   0.99916, 2,    7365.04, -166.2,     1.023, 3,    7306.25,   79.7,    1.0148
"606", 12.47, 1,    7193.54,  -44.6,   0.99916, 2,    7365.04, -166.2,     1.023, 3,    7306.25,   79.7,    1.0148
"529", 12.47, 1,    7203.37,  -44.6,    1.0005, 2,    7363.86, -166.2,    1.0228, 3,    7324.48,   79.8,    1.0174
"534", 12.47, 1,    7202.77,  -44.6,    1.0004, 2,    7363.31, -166.2,    1.0227, 3,       7324,   79.8,    1.0173
"537", 12.47, 1,    7202.64,  -44.6,    1.0004, 2,    7363.21, -166.2,    1.0227, 3,    7323.93,   79.8,    1.0173
"538", 12.47, 1,    7202.63,  -44.6,    1.0004, 2,    7363.21, -166.2,    1.0227, 3,    7323.93,   79.8,    1.0173
"507", 12.47, 1,    7224.32,  -44.5,    1.0034, 2,    7367.21, -166.2,    1.0233, 3,    7340.23,   79.8,    1.0195
"374", 12.47, 1,    7427.83,  -44.3,    1.0317, 2,    7429.63, -166.3,     1.032, 3,     7483.5,   79.7,    1.0394
"375", 12.47, 1,    7426.62,  -44.3,    1.0315, 2,     7428.6, -166.3,    1.0318, 3,    7483.13,   79.7,    1.0394
"377", 12.47, 1,     7423.4,  -44.3,    1.0311, 2,    7425.86, -166.3,    1.0314, 3,    7482.16,   79.7,    1.0393
"378", 12.47, 1,    7422.88,  -44.3,     1.031, 2,    7425.41, -166.3,    1.0314, 3,       7482,   79.7,    1.0392
"382", 12.47, 1,    7413.31,  -44.3,    1.0297, 2,    7417.21, -166.4,    1.0302, 3,    7479.09,   79.7,    1.0388
"385", 12.47, 1,    7409.53,  -44.3,    1.0292, 2,    7413.96, -166.4,    1.0298, 3,    7477.94,   79.6,    1.0387
"387", 12.47, 1,    7405.85,  -44.3,    1.0287, 2,    7410.81, -166.4,    1.0293, 3,    7476.82,   79.6,    1.0385
"389", 12.47, 1,    7401.04,  -44.3,     1.028, 2,    7406.73, -166.4,    1.0288, 3,    7475.42,   79.6,    1.0383
"390", 12.47, 1,     7400.1,  -44.3,    1.0279, 2,     7404.4, -166.4,    1.0285, 3,    7475.18,   79.6,    1.0383
"398", 12.47, 1,    7394.57,  -44.3,    1.0271, 2,     7390.8, -166.4,    1.0266, 3,    7473.79,   79.6,    1.0381
"402", 12.47, 1,    7392.75,  -44.3,    1.0268, 2,    7386.33, -166.5,    1.0259, 3,    7473.33,   79.6,     1.038
"403", 12.47, 1,    7392.39,  -44.3,    1.0268, 2,    7385.45, -166.5,    1.0258, 3,    7473.25,   79.6,     1.038
"405", 12.47, 1,    7392.06,  -44.3,    1.0267, 2,    7384.65, -166.5,    1.0257, 3,    7473.18,   79.6,     1.038
"409", 12.47, 1,    7389.83,  -44.3,    1.0264, 2,    7379.21, -166.5,     1.025, 3,    7472.69,   79.6,    1.0379
"421", 12.47, 1,    7383.31,  -44.3,    1.0255, 2,    7362.49, -166.5,    1.0226, 3,    7471.22,   79.6,    1.0377
"422", 12.47, 1,     7383.2,  -44.3,    1.0255, 2,    7362.24, -166.5,    1.0226, 3,    7471.24,   79.6,    1.0377
"431", 12.47, 1,    7377.55,  -44.3,    1.0247, 2,    7349.21, -166.5,    1.0208, 3,    7472.59,   79.6,    1.0379
"433", 12.47, 1,     7376.8,  -44.3,    1.0246, 2,    7347.48, -166.5,    1.0205, 3,    7472.77,   79.6,    1.0379
"437", 12.47, 1,     7375.6,  -44.3,    1.0245, 2,    7344.69, -166.5,    1.0202, 3,    7472.89,   79.6,     1.038
"438", 12.47, 1,    7375.06,  -44.3,    1.0244, 2,    7343.41, -166.5,      1.02, 3,    7473.05,   79.6,     1.038
"442", 12.47, 1,     7371.6,  -44.2,    1.0239, 2,    7335.29, -166.5,    1.0189, 3,    7474.05,   79.6,    1.0381
"444", 12.47, 1,    7371.42,  -44.2,    1.0239, 2,    7334.88, -166.5,    1.0188, 3,    7474.11,   79.6,    1.0381
"448", 12.47, 1,    7369.61,  -44.2,    1.0236, 2,    7330.15, -166.5,    1.0181, 3,     7474.7,   79.6,    1.0382
"453", 12.47, 1,    7368.18,  -44.2,    1.0234, 2,    7326.44, -166.5,    1.0176, 3,    7474.87,   79.6,    1.0382
"458", 12.47, 1,    7364.88,  -44.2,     1.023, 2,    7318.26, -166.6,    1.0165, 3,    7476.24,   79.6,    1.0384
"464", 12.47, 1,     7361.5,  -44.2,    1.0225, 2,    7308.56, -166.6,    1.0151, 3,    7477.88,   79.6,    1.0387
"466", 12.47, 1,    7359.69,  -44.2,    1.0222, 2,    7303.25, -166.6,    1.0144, 3,    7478.79,   79.6,    1.0388
"470", 12.47, 1,     7355.6,  -44.2,    1.0217, 2,    7289.38, -166.6,    1.0125, 3,    7481.08,   79.6,    1.0391
"471", 12.47, 1,    7355.52,  -44.2,    1.0217, 2,    7289.14, -166.6,    1.0124, 3,    7481.13,   79.6,    1.0391
"475", 12.47, 1,    7352.13,  -44.2,    1.0212, 2,    7277.99, -166.6,    1.0109, 3,    7483.37,   79.6,    1.0394
"476", 12.47, 1,     7351.6,  -44.2,    1.0211, 2,    7276.26, -166.6,    1.0107, 3,    7483.71,   79.6,    1.0395
"479", 12.47, 1,    7350.01,  -44.2,    1.0209, 2,    7271.06, -166.7,    1.0099, 3,    7484.75,   79.6,    1.0396
"485", 12.47, 1,     7346.2,  -44.1,    1.0204, 2,    7257.76, -166.7,    1.0081, 3,     7487.4,   79.6,      1.04
"488", 12.47, 1,    7344.95,  -44.1,    1.0202, 2,    7253.52, -166.7,    1.0075, 3,    7488.34,   79.6,    1.0401
"492", 12.47, 1,     7343.4,  -44.1,      1.02, 2,    7248.23, -166.7,    1.0068, 3,    7489.52,   79.6,    1.0403
"495", 12.47, 1,    7340.25,  -44.1,    1.0195, 2,    7237.61, -166.7,    1.0053, 3,    7491.98,   79.6,    1.0406
"506", 12.47, 1,    7334.91,  -44.1,    1.0188, 2,    7217.62, -166.8,    1.0025, 3,     7496.9,   79.6,    1.0413
"510", 12.47, 1,    7331.28,  -44.1,    1.0183, 2,    7204.01, -166.8,    1.0006, 3,    7500.25,   79.6,    1.0418
"516", 12.47, 1,    7329.26,  -44.1,     1.018, 2,     7196.1, -166.8,   0.99952, 3,     7502.2,   79.6,     1.042
"519", 12.47, 1,    7327.79,  -44.0,    1.0178, 2,    7190.12, -166.8,   0.99869, 3,    7503.68,   79.6,    1.0422
"520", 12.47, 1,    7327.55,  -44.0,    1.0178, 2,    7189.15, -166.8,   0.99855, 3,    7503.91,   79.6,    1.0423
"524", 12.47, 1,    7326.12,  -44.0,    1.0176, 2,    7183.02, -166.8,    0.9977, 3,    7505.42,   79.6,    1.0425
"528", 12.47, 1,    7324.13,  -44.0,    1.0173, 2,    7174.43, -166.9,   0.99651, 3,    7507.53,   79.6,    1.0428
"391", 12.47, 1,    7399.43,  -44.3,    1.0278, 2,    7406.04, -166.4,    1.0287, 3,    7474.67,   79.6,    1.0382
"394", 12.47, 1,    7397.05,  -44.3,    1.0274, 2,    7405.05, -166.4,    1.0285, 3,    7473.54,   79.6,    1.0381
"396", 12.47, 1,    7392.02,  -44.4,    1.0267, 2,    7402.97, -166.4,    1.0283, 3,    7471.16,   79.6,    1.0377
"411", 12.47, 1,    7382.21,  -44.4,    1.0254, 2,       7399, -166.5,    1.0277, 3,    7466.77,   79.6,    1.0371
"418", 12.47, 1,    7373.57,  -44.4,    1.0242, 2,    7395.52, -166.5,    1.0272, 3,    7462.91,   79.6,    1.0366
"423", 12.47, 1,    7370.18,  -44.5,    1.0237, 2,    7394.18, -166.5,     1.027, 3,    7461.48,   79.6,    1.0364
"424", 12.47, 1,    7370.26,  -44.5,    1.0237, 2,    7394.13, -166.5,     1.027, 3,    7461.22,   79.6,    1.0363
"425", 12.47, 1,    7370.26,  -44.5,    1.0237, 2,    7394.13, -166.5,     1.027, 3,    7461.21,   79.6,    1.0363
"426", 12.47, 1,    7366.39,  -44.5,    1.0232, 2,    7392.91, -166.5,    1.0269, 3,    7460.48,   79.6,    1.0362
"432", 12.47, 1,    7361.62,  -44.5,    1.0225, 2,    7391.36, -166.5,    1.0266, 3,    7459.33,   79.6,    1.0361
"441", 12.47, 1,    7353.52,  -44.5,    1.0214, 2,    7388.77, -166.6,    1.0263, 3,    7457.35,   79.6,    1.0358
"449", 12.47, 1,    7346.67,  -44.6,    1.0204, 2,    7386.72, -166.6,     1.026, 3,     7455.6,   79.6,    1.0356
"455", 12.47, 1,    7340.94,  -44.6,    1.0196, 2,    7384.23, -166.6,    1.0257, 3,    7454.03,   79.6,    1.0353
"465", 12.47, 1,    7333.08,  -44.6,    1.0185, 2,    7380.88, -166.6,    1.0252, 3,    7452.03,   79.6,    1.0351
"467", 12.47, 1,    7330.21,  -44.6,    1.0181, 2,    7379.66, -166.6,     1.025, 3,    7451.29,   79.6,     1.035
"474", 12.47, 1,    7317.56,  -44.7,    1.0164, 2,    7374.27, -166.7,    1.0243, 3,    7448.06,   79.6,    1.0345
"477", 12.47, 1,    7313.78,  -44.7,    1.0159, 2,    7372.66, -166.7,     1.024, 3,    7447.09,   79.6,    1.0344
"484", 12.47, 1,    7305.78,  -44.7,    1.0148, 2,    7367.28, -166.7,    1.0233, 3,    7444.82,   79.6,    1.0341
"493", 12.47, 1,    7299.43,  -44.7,    1.0139, 2,    7363.09, -166.8,    1.0227, 3,    7443.17,   79.6,    1.0338
"496", 12.47, 1,    7293.38,  -44.7,     1.013, 2,     7359.2, -166.8,    1.0222, 3,    7441.52,   79.6,    1.0336
"499", 12.47, 1,    7292.03,  -44.7,    1.0128, 2,    7357.78, -166.8,     1.022, 3,     7441.1,   79.6,    1.0335
"505", 12.47, 1,    7287.07,  -44.8,    1.0122, 2,    7352.57, -166.8,    1.0213, 3,    7439.53,   79.6,    1.0333
"509", 12.47, 1,    7284.38,  -44.8,    1.0118, 2,     7349.8, -166.8,    1.0209, 3,    7438.65,   79.6,    1.0332
"513", 12.47, 1,     7280.3,  -44.8,    1.0112, 2,    7345.61, -166.9,    1.0203, 3,     7437.3,   79.6,     1.033
"514", 12.47, 1,    7280.23,  -44.8,    1.0112, 2,    7345.52, -166.9,    1.0203, 3,    7437.25,   79.6,     1.033
"521", 12.47, 1,    7275.57,  -44.8,    1.0106, 2,    7340.73, -166.9,    1.0196, 3,    7435.71,   79.6,    1.0328
"522", 12.47, 1,    7275.48,  -44.8,    1.0105, 2,    7340.65, -166.9,    1.0196, 3,    7435.69,   79.6,    1.0328
"530", 12.47, 1,     7270.7,  -44.8,    1.0099, 2,    7335.98, -166.9,    1.0189, 3,     7434.5,   79.6,    1.0326
"532", 12.47, 1,     7270.1,  -44.8,    1.0098, 2,     7335.3, -166.9,    1.0189, 3,    7434.34,   79.6,    1.0326
"541", 12.47, 1,    7265.98,  -44.8,    1.0092, 2,    7330.62, -166.9,    1.0182, 3,    7433.27,   79.6,    1.0325
"548", 12.47, 1,    7261.95,  -44.8,    1.0087, 2,    7325.88, -167.0,    1.0175, 3,    7432.21,   79.5,    1.0323
"553", 12.47, 1,    7256.97,  -44.8,     1.008, 2,    7319.79, -167.0,    1.0167, 3,    7430.88,   79.5,    1.0321
"557", 12.47, 1,    7254.79,  -44.8,    1.0077, 2,    7315.51, -167.0,    1.0161, 3,    7430.18,   79.5,     1.032
"562", 12.47, 1,    7251.49,  -44.8,    1.0072, 2,     7309.2, -167.0,    1.0152, 3,    7429.05,   79.5,    1.0319
"570", 12.47, 1,    7248.07,  -44.8,    1.0067, 2,     7302.8, -167.0,    1.0143, 3,    7428.14,   79.5,    1.0317
"573", 12.47, 1,    7245.68,  -44.8,    1.0064, 2,    7298.47, -167.0,    1.0137, 3,    7427.46,   79.5,    1.0317
"574", 12.47, 1,    7245.45,  -44.8,    1.0064, 2,    7298.04, -167.0,    1.0137, 3,    7427.39,   79.5,    1.0316
"582", 12.47, 1,    7241.36,  -44.8,    1.0058, 2,     7290.6, -167.0,    1.0126, 3,    7426.22,   79.5,    1.0315
"585", 12.47, 1,    7236.44,  -44.8,    1.0051, 2,    7281.02, -167.1,    1.0113, 3,    7424.75,   79.5,    1.0313
"586", 12.47, 1,    7236.33,  -44.8,    1.0051, 2,    7280.81, -167.1,    1.0113, 3,    7424.73,   79.5,    1.0313
"588", 12.47, 1,    7233.44,  -44.8,    1.0047, 2,    7275.13, -167.1,    1.0105, 3,    7424.07,   79.5,    1.0312
"591", 12.47, 1,    7231.46,  -44.8,    1.0044, 2,    7271.31, -167.1,      1.01, 3,    7423.78,   79.5,    1.0311
"597", 12.47, 1,     7227.4,  -44.8,    1.0039, 2,    7271.16, -167.1,    1.0099, 3,    7420.64,   79.5,    1.0307
"604", 12.47, 1,    7221.22,  -44.8,     1.003, 2,    7271.43, -167.1,      1.01, 3,    7419.39,   79.5,    1.0305
"607", 12.47, 1,    7219.14,  -44.8,    1.0027, 2,    7271.56, -167.1,      1.01, 3,    7419.31,   79.5,    1.0305
"618", 12.47, 1,    7210.48,  -44.8,    1.0015, 2,    7272.13, -167.1,    1.0101, 3,    7418.96,   79.6,    1.0305
"621", 12.47, 1,    7208.43,  -44.8,    1.0012, 2,    7272.26, -167.1,    1.0101, 3,    7418.88,   79.6,    1.0305
"625", 12.47, 1,    7208.27,  -44.8,    1.0012, 2,       7272, -167.1,    1.0101, 3,    7418.94,   79.6,    1.0305
"630", 12.47, 1,    7208.22,  -44.8,    1.0012, 2,    7271.57, -167.1,      1.01, 3,    7419.05,   79.6,    1.0305
"634", 12.47, 1,    7208.22,  -44.8,    1.0012, 2,    7271.57, -167.1,      1.01, 3,    7419.05,   79.6,    1.0305
"558", 12.47, 1,    7253.18,  -44.8,    1.0074, 2,    7317.78, -167.0,    1.0164, 3,    7429.18,   79.5,    1.0319
"561", 12.47, 1,     7251.1,  -44.8,    1.0072, 2,    7316.78, -167.0,    1.0163, 3,     7428.2,   79.5,    1.0318
"567", 12.47, 1,    7246.36,  -44.8,    1.0065, 2,    7314.66, -167.0,     1.016, 3,    7425.88,   79.5,    1.0314
"568", 12.47, 1,    7245.68,  -44.8,    1.0064, 2,    7314.33, -167.0,    1.0159, 3,    7425.54,   79.5,    1.0314
"569", 12.47, 1,    7245.43,  -44.8,    1.0064, 2,    7314.22, -167.0,    1.0159, 3,    7425.41,   79.5,    1.0314
"577", 12.47, 1,    7241.08,  -44.8,    1.0058, 2,    7312.12, -167.0,    1.0156, 3,     7423.2,   79.5,    1.0311
"598", 12.47, 1,     7216.7,  -44.8,    1.0024, 2,    7301.29, -167.0,    1.0141, 3,    7410.41,   79.5,    1.0293
"600", 12.47, 1,    7215.54,  -44.8,    1.0022, 2,    7300.79, -167.0,    1.0141, 3,    7409.83,   79.5,    1.0292
"603", 12.47, 1,    7210.45,  -44.8,    1.0015, 2,    7298.57, -167.0,    1.0138, 3,    7407.31,   79.5,    1.0289
"613", 12.47, 1,    7200.48,  -44.9,    1.0001, 2,    7295.54, -167.0,    1.0133, 3,    7401.76,   79.5,    1.0281
"614", 12.47, 1,    7197.93,  -44.9,   0.99977, 2,    7294.81, -167.0,    1.0132, 3,    7400.33,   79.5,    1.0279
"616", 12.47, 1,    7195.96,  -44.9,    0.9995, 2,    7293.52, -167.0,    1.0131, 3,    7398.31,   79.5,    1.0276
"620", 12.47, 1,    7194.41,  -44.9,   0.99928, 2,    7292.51, -167.0,    1.0129, 3,    7396.71,   79.5,    1.0274
"623", 12.47, 1,    7192.92,  -44.9,   0.99908, 2,    7291.55, -167.0,    1.0128, 3,    7395.19,   79.5,    1.0272
"624", 12.47, 1,    7192.81,  -44.9,   0.99906, 2,    7291.48, -167.0,    1.0128, 3,    7395.08,   79.5,    1.0272
"629", 12.47, 1,    7191.06,  -44.9,   0.99882, 2,    7290.41, -167.0,    1.0126, 3,    7393.25,   79.5,    1.0269
"633", 12.47, 1,    7189.29,  -44.9,   0.99857, 2,    7289.33, -167.0,    1.0125, 3,    7391.39,   79.5,    1.0266
"638", 12.47, 1,    7185.53,  -44.9,   0.99805, 2,    7287.04, -167.1,    1.0122, 3,    7387.47,   79.5,    1.0261
"639", 12.47, 1,    7184.06,  -44.9,   0.99785, 2,    7286.31, -167.1,    1.0121, 3,    7385.85,   79.5,    1.0259
"640", 12.47, 1,    7182.44,  -44.9,   0.99762, 2,     7285.5, -167.1,    1.0119, 3,    7384.06,   79.5,    1.0256
"641", 12.47, 1,    7179.26,  -44.9,   0.99718, 2,    7284.48, -167.1,    1.0118, 3,    7381.78,   79.5,    1.0253
"642", 12.47, 1,    7175.89,  -44.9,   0.99671, 2,     7283.4, -167.0,    1.0116, 3,    7379.36,   79.5,     1.025
"643", 12.47, 1,     7173.5,  -44.9,   0.99638, 2,    7282.74, -167.0,    1.0116, 3,    7377.59,   79.5,    1.0247
"644", 12.47, 1,    7169.81,  -44.9,   0.99587, 2,    7281.73, -167.0,    1.0114, 3,    7374.85,   79.5,    1.0243
"645", 12.47, 1,    7166.29,  -44.9,   0.99538, 2,    7281.27, -167.0,    1.0113, 3,    7372.01,   79.5,     1.024
"646", 12.47, 1,    7164.71,  -44.9,   0.99516, 2,     7281.1, -167.0,    1.0113, 3,    7370.71,   79.5,    1.0238
"647", 12.47, 1,    7162.45,  -44.9,   0.99485, 2,    7280.99, -167.0,    1.0113, 3,     7368.8,   79.5,    1.0235
"648", 12.47, 1,    7161.53,  -44.9,   0.99472, 2,    7281.13, -167.0,    1.0113, 3,    7367.93,   79.5,    1.0234
"649", 12.47, 1,     7159.6,  -44.9,   0.99445, 2,    7281.59, -167.0,    1.0114, 3,    7367.76,   79.5,    1.0234
"304", 12.47, 1,    7217.24,  -43.3,    1.0025, 2,    7326.37, -165.3,    1.0176, 3,    7509.49,   80.2,     1.043
"306", 12.47, 1,    7217.23,  -43.3,    1.0025, 2,    7326.37, -165.3,    1.0176, 3,    7509.49,   80.2,     1.043
"308", 12.47, 1,    7217.23,  -43.3,    1.0025, 2,    7326.37, -165.3,    1.0176, 3,    7509.49,   80.2,     1.043
"286", 12.47, 1,    7246.67,  -43.0,    1.0065, 2,    7336.38, -165.0,     1.019, 3,    7513.72,   80.3,    1.0436
"290", 12.47, 1,    7246.03,  -43.0,    1.0065, 2,    7334.84, -165.1,    1.0188, 3,    7514.88,   80.3,    1.0438
"291", 12.47, 1,    7246.02,  -43.0,    1.0065, 2,    7334.76, -165.1,    1.0188, 3,    7514.87,   80.3,    1.0438
"297", 12.47, 1,    7244.51,  -43.0,    1.0062, 2,    7331.13, -165.1,    1.0183, 3,     7517.6,   80.3,    1.0442
"298", 12.47, 1,    7244.32,  -43.0,    1.0062, 2,    7330.67, -165.1,    1.0182, 3,    7517.95,   80.3,    1.0442
"309", 12.47, 1,    7242.83,  -43.0,     1.006, 2,    7327.09, -165.1,    1.0177, 3,    7520.63,   80.3,    1.0446
"310", 12.47, 1,    7242.72,  -43.0,     1.006, 2,    7326.82, -165.1,    1.0177, 3,    7520.83,   80.3,    1.0446
"319", 12.47, 1,    7241.62,  -43.0,    1.0058, 2,    7323.98, -165.2,    1.0173, 3,    7522.94,   80.3,    1.0449
"325", 12.47, 1,    7241.51,  -43.0,    1.0058, 2,    7324.11, -165.2,    1.0173, 3,    7522.59,   80.3,    1.0449
"326", 12.47, 1,    7241.49,  -43.0,    1.0058, 2,    7324.13, -165.2,    1.0173, 3,    7522.51,   80.3,    1.0449
"332", 12.47, 1,    7241.36,  -43.0,    1.0058, 2,    7324.24, -165.2,    1.0173, 3,    7522.43,   80.3,    1.0448
"334", 12.47, 1,    7241.13,  -43.0,    1.0058, 2,    7324.43, -165.2,    1.0173, 3,    7522.37,   80.3,    1.0448
"336", 12.47, 1,    7241.13,  -43.0,    1.0058, 2,    7324.43, -165.2,    1.0173, 3,    7522.37,   80.3,    1.0448
"338", 12.47, 1,    7241.13,  -43.0,    1.0058, 2,    7324.43, -165.2,    1.0173, 3,    7522.37,   80.3,    1.0448
"341", 12.47, 1,    7241.13,  -43.0,    1.0058, 2,    7324.43, -165.2,    1.0173, 3,    7522.37,   80.3,    1.0448
"145", 12.47, 1,    6900.84,  -40.4,   0.95851, 2,    7086.92, -161.4,   0.98435, 3,    7461.22,   81.7,    1.0363
"146", 12.47, 1,     6900.8,  -40.4,    0.9585, 2,    7086.87, -161.4,   0.98435, 3,    7461.21,   81.7,    1.0363
"155", 12.47, 1,    6891.35,  -40.4,   0.95719, 2,    7076.45, -161.4,    0.9829, 3,    7460.08,   81.7,    1.0362
"158", 12.47, 1,    6886.27,  -40.4,   0.95648, 2,       7071, -161.4,   0.98214, 3,    7459.47,   81.7,    1.0361
"160", 12.47, 1,       6886,  -40.4,   0.95645, 2,    7070.24, -161.5,   0.98204, 3,    7459.43,   81.7,    1.0361
"162", 12.47, 1,    6884.98,  -40.4,   0.95631, 2,    7067.37, -161.5,   0.98164, 3,    7459.28,   81.7,    1.0361
"167", 12.47, 1,    6883.27,  -40.4,   0.95607, 2,    7065.45, -161.5,   0.98137, 3,    7457.86,   81.7,    1.0359
"171", 12.47, 1,    6880.46,  -40.4,   0.95568, 2,    7062.29, -161.5,   0.98093, 3,    7455.54,   81.7,    1.0356
"176", 12.47, 1,    6878.35,  -40.4,   0.95539, 2,    7060.16, -161.5,   0.98064, 3,     7453.7,   81.7,    1.0353
"182", 12.47, 1,    6877.14,  -40.4,   0.95522, 2,    7059.36, -161.5,   0.98053, 3,    7453.04,   81.7,    1.0352
"191", 12.47, 1,    6875.88,  -40.4,   0.95504, 2,    7057.81, -161.5,   0.98031, 3,    7451.85,   81.7,     1.035
"192", 12.47, 1,    6875.87,  -40.4,   0.95504, 2,     7057.8, -161.5,   0.98031, 3,    7451.84,   81.7,     1.035
"193", 12.47, 1,    6875.87,  -40.4,   0.95504, 2,    7057.79, -161.5,   0.98031, 3,    7451.83,   81.7,     1.035
"194", 12.47, 1,    6875.85,  -40.4,   0.95504, 2,    7057.77, -161.5,   0.98031, 3,    7451.81,   81.7,     1.035
"195", 12.47, 1,    6875.69,  -40.4,   0.95502, 2,    7057.57, -161.5,   0.98028, 3,    7451.68,   81.7,     1.035
"196", 12.47, 1,    6875.69,  -40.4,   0.95502, 2,    7057.56, -161.5,   0.98028, 3,    7451.67,   81.7,     1.035
"197", 12.47, 1,    6875.68,  -40.4,   0.95501, 2,    7057.56, -161.5,   0.98028, 3,    7451.67,   81.7,     1.035
"201", 12.47, 1,    6875.62,  -40.4,   0.95501, 2,    7057.48, -161.5,   0.98027, 3,     7451.6,   81.7,     1.035
"202", 12.47, 1,    6875.38,  -40.4,   0.95497, 2,    7057.13, -161.5,   0.98022, 3,     7451.4,   81.7,     1.035
"206", 12.47, 1,    6875.29,  -40.4,   0.95496, 2,    7056.91, -161.5,   0.98019, 3,    7451.36,   81.7,     1.035
"207", 12.47, 1,    6875.05,  -40.4,   0.95493, 2,    7056.76, -161.5,   0.98017, 3,    7451.07,   81.7,    1.0349
"208", 12.47, 1,       6875,  -40.4,   0.95492, 2,     7056.7, -161.5,   0.98016, 3,    7451.01,   81.7,    1.0349
"209", 12.47, 1,    6874.99,  -40.4,   0.95492, 2,     7056.7, -161.5,   0.98016, 3,    7451.01,   81.7,    1.0349
"211", 12.47, 1,    6874.99,  -40.4,   0.95492, 2,    7056.69, -161.5,   0.98016, 3,       7451,   81.7,    1.0349
"212", 12.47, 1,    6874.98,  -40.4,   0.95492, 2,    7056.68, -161.5,   0.98015, 3,    7450.99,   81.7,    1.0349
"214", 12.47, 1,    6874.94,  -40.4,   0.95491, 2,    7056.63, -161.5,   0.98015, 3,    7450.95,   81.7,    1.0349
"177", 12.47, 1,    6878.34,  -40.4,   0.95538, 2,    7060.15, -161.5,   0.98064, 3,    7453.69,   81.7,    1.0353
"180", 12.47, 1,    6878.33,  -40.4,   0.95538, 2,    7060.14, -161.5,   0.98063, 3,    7453.68,   81.7,    1.0353
"181", 12.47, 1,    6878.28,  -40.4,   0.95538, 2,    7060.08, -161.5,   0.98063, 3,    7453.62,   81.7,    1.0353
"147", 12.47, 1,    6901.06,  -40.4,   0.95854, 2,    7087.14, -161.4,   0.98439, 3,    7461.21,   81.7,    1.0363
"30", 12.47, 1,    7369.72,  -36.4,    1.0236, 2,    7387.83, -156.4,    1.0262, 3,    7509.91,   84.2,    1.0431
"31", 12.47, 1,    7369.63,  -36.4,    1.0236, 2,    7387.58, -156.4,    1.0261, 3,       7510,   84.2,    1.0431
"32", 12.47, 1,    7369.62,  -36.4,    1.0236, 2,    7387.56, -156.4,    1.0261, 3,    7510.01,   84.2,    1.0431
"35", 12.47, 1,     7369.6,  -36.4,    1.0236, 2,     7387.5, -156.4,    1.0261, 3,    7509.95,   84.2,    1.0431
"37", 12.47, 1,    7369.58,  -36.4,    1.0236, 2,    7387.44, -156.4,    1.0261, 3,    7509.88,   84.2,    1.0431
"39", 12.47, 1,    7369.53,  -36.4,    1.0236, 2,    7387.28, -156.4,    1.0261, 3,    7509.73,   84.2,    1.0431
"44", 12.47, 1,    7369.54,  -36.4,    1.0236, 2,    7387.27, -156.4,    1.0261, 3,    7509.71,   84.2,    1.0431
"49", 12.47, 1,    7369.55,  -36.4,    1.0236, 2,    7387.27, -156.4,    1.0261, 3,    7509.71,   84.2,    1.0431
"55", 12.47, 1,    7369.55,  -36.4,    1.0236, 2,    7387.27, -156.4,    1.0261, 3,    7509.71,   84.2,    1.0431
"40", 12.47, 1,    7369.52,  -36.4,    1.0236, 2,    7387.27, -156.4,    1.0261, 3,    7509.72,   84.2,    1.0431
"43", 12.47, 1,    7369.44,  -36.4,    1.0236, 2,    7387.18, -156.4,    1.0261, 3,    7509.63,   84.2,    1.0431
"33", 12.47, 1,    7368.87,  -36.4,    1.0235, 2,    7386.89, -156.4,     1.026, 3,    7509.18,   84.2,     1.043
"36", 12.47, 1,    7367.71,  -36.4,    1.0234, 2,    7385.61, -156.4,    1.0258, 3,    7507.53,   84.2,    1.0428
"38", 12.47, 1,    7365.56,  -36.4,    1.0231, 2,    7383.45, -156.5,    1.0255, 3,    7505.41,   84.2,    1.0425
"42", 12.47, 1,    7363.99,  -36.4,    1.0228, 2,    7381.63, -156.5,    1.0253, 3,    7503.69,   84.2,    1.0422
"46", 12.47, 1,    7363.09,  -36.4,    1.0227, 2,    7380.59, -156.5,    1.0251, 3,    7502.71,   84.2,    1.0421
"47", 12.47, 1,    7363.05,  -36.4,    1.0227, 2,    7380.54, -156.5,    1.0251, 3,    7502.66,   84.2,    1.0421
"48", 12.47, 1,    7363.03,  -36.4,    1.0227, 2,    7380.51, -156.5,    1.0251, 3,    7502.63,   84.2,    1.0421
"50", 12.47, 1,    7362.69,  -36.4,    1.0227, 2,    7380.11, -156.5,    1.0251, 3,    7502.21,   84.2,     1.042
"4", 12.47, 1,    7555.91,  -34.4,    1.0495, 2,       7543, -154.2,    1.0477, 3,    7561.79,   86.0,    1.0503
"5", 12.47, 1,    7555.91,  -34.4,    1.0495, 2,       7543, -154.2,    1.0477, 3,    7561.79,   86.0,    1.0503
"6", 12.47, 1,    7553.54,  -34.5,    1.0492, 2,    7540.92, -154.3,    1.0474, 3,    7560.99,   85.9,    1.0502
"2", 115, 1,    69582.5,   -0.7,     1.048, 2,    69620.6, -120.7,    1.0486, 3,    69664.9,  119.3,    1.0492
"3", 12.47, 1,     7462.7,  -34.4,    1.0365, 2,    7449.97, -154.2,    1.0348, 3,     7514.8,   86.0,    1.0438
