-0.002,0.979998
-0.001,0.979998
0,0.979998
0.001,0.979998
0.002,0.979998
0.003,0.979998
0.004,0.979998
0.005,0.979998
0.006,0.979998
0.007,0.979998
0.008,0.979998
0.009,0.979998
0.01,0.979998
0.011,0.979998
0.012,0.979998
0.013,0.979998
0.014,0.979998
0.015,0.979998
0.016,0.979998
0.017,0.979998
0.018,0.979998
0.019,0.979998
0.02,0.979998
0.021,0.979998
0.022,0.979998
0.023,0.979998
0.024,0.979998
0.025,0.979998
0.026,0.979998
0.027,0.979998
0.028,0.979998
0.029,0.979998
0.03,0.979998
0.031,0.979998
0.032,0.979998
0.033,0.979998
0.034,0.979998
0.035,0.979998
0.036,0.979998
0.037,0.979998
0.038,0.979998
0.039,0.979998
0.04,0.979998
0.041,0.979998
0.042,0.979998
0.043,0.979998
0.044,0.979998
0.045,0.979998
0.046,0.979998
0.047,0.979998
0.048,0.979998
0.049,0.979998
0.05,0.979998
0.051,0.979998
0.052,0.979998
0.053,0.979998
0.054,0.979998
0.055,0.979998
0.056,0.979998
0.057,0.979998
0.058,0.979998
0.059,0.979998
0.06,0.979998
0.061,0.979998
0.062,0.979998
0.0629999,0.979998
0.064,0.979998
0.065,0.979998
0.066,0.979998
0.067,0.979998
0.068,0.979998
0.069,0.979998
0.07,0.979998
0.071,0.979998
0.072,0.979998
0.073,0.979998
0.074,0.979998
0.075,0.979998
0.076,0.979998
0.077,0.979998
0.078,0.979998
0.079,0.979998
0.08,0.979998
0.081,0.979998
0.082,0.979998
0.083,0.979998
0.084,0.979998
0.085,0.979998
0.086,0.979998
0.087,0.979998
0.088,0.979998
0.089,0.979998
0.09,0.979998
0.091,0.979998
0.092,0.979998
0.093,0.979998
0.094,0.979998
0.095,0.979998
0.096,0.979998
0.097,0.979998
0.098,0.979998
0.099,0.979998
0.1,0.979998
0.101,0.979998
0.102,0.979998
0.103,0.979998
0.104,0.979998
0.105,0.979998
0.106,0.979998
0.107,0.979998
0.108,0.979998
0.109,0.979998
0.11,0.979998
0.111,0.979998
0.112,0.979998
0.113,0.979998
0.114,0.979998
0.115,0.979998
0.116,0.979998
0.117,0.979998
0.118,0.979998
0.119,0.979998
0.12,0.979998
0.121,0.979998
0.122,0.979998
0.123,0.979998
0.124,0.979998
0.125,0.979998
0.126,0.979998
0.127,0.979998
0.128,0.979998
0.129,0.979998
0.13,0.979998
0.131,0.979998
0.132,0.979998
0.133,0.979998
0.134,0.979998
0.135,0.979998
0.136,0.979998
0.137,0.979998
0.138,0.979998
0.139,0.979998
0.14,0.979998
0.141,0.979998
0.142,0.979998
0.143,0.979998
0.144,0.979998
0.145,0.979998
0.146,0.979998
0.147,0.979998
0.148,0.979998
0.149,0.979998
0.15,0.979998
0.151,0.979998
0.152,0.979998
0.153,0.979998
0.154,0.979998
0.155,0.979998
0.156,0.979998
0.157,0.979998
0.158,0.979998
0.159,0.979998
0.16,0.979998
0.161,0.979998
0.162,0.979998
0.163,0.979998
0.164,0.979998
0.165,0.979998
0.166,0.979998
0.167,0.979998
0.168,0.979998
0.169,0.979998
0.17,0.979998
0.171,0.979998
0.172,0.979998
0.173,0.979998
0.174,0.979998
0.175,0.979998
0.176,0.979998
0.177,0.979998
0.178,0.979998
0.179,0.979998
0.18,0.979998
0.181,0.979998
0.182,0.979998
0.183,0.979998
0.184,0.979998
0.185,0.979998
0.186,0.979998
0.187,0.979998
0.188,0.979998
0.189,0.979998
0.19,0.979998
0.191,0.979998
0.192,0.979998
0.193,0.979998
0.194,0.979998
0.195,0.979998
0.196,0.979998
0.197,0.979998
0.198,0.979998
0.199,0.979998
0.2,0.979998
0.201,0.979998
0.202,0.979998
0.203,0.979998
0.204,0.979998
0.205,0.979998
0.206,0.979998
0.207,0.979998
0.208,0.979998
0.209,0.979998
0.21,0.979998
0.211,0.979998
0.212,0.979998
0.213,0.979998
0.214,0.979998
0.215,0.979998
0.216,0.979998
0.217,0.979998
0.218,0.979998
0.219,0.979998
0.22,0.979998
0.221,0.979998
0.222,0.979998
0.223,0.979998
0.224,0.979998
0.225,0.979998
0.226,0.979998
0.227,0.979998
0.228,0.979998
0.229,0.979998
0.23,0.979998
0.231,0.979998
0.232,0.979998
0.233,0.979998
0.234,0.979998
0.235,0.979998
0.236,0.979998
0.237,0.979998
0.238,0.979998
0.239,0.979998
0.24,0.979998
0.241,0.979998
0.242,0.979998
0.243,0.979998
0.244,0.979998
0.245,0.979998
0.246,0.979998
0.247,0.979998
0.248,0.979998
0.249,0.979998
0.25,0.979998
0.251,0.979998
0.252,0.979998
0.253,0.979998
0.254,0.979998
0.255,0.979998
0.256,0.979998
0.257,0.979998
0.258,0.979998
0.259,0.979998
0.26,0.979998
0.261,0.979998
0.262,0.979998
0.263,0.979998
0.264,0.979998
0.265,0.979998
0.266,0.979998
0.267,0.979998
0.268,0.979998
0.269,0.979998
0.27,0.979998
0.271,0.979998
0.272,0.979998
0.273,0.979998
0.274,0.979998
0.275,0.979998
0.276,0.979998
0.277,0.979998
0.278,0.979998
0.279,0.979998
0.28,0.979998
0.281,0.979998
0.282,0.979998
0.283,0.979998
0.284,0.979998
0.285,0.979998
0.286,0.979998
0.287,0.979998
0.288,0.979998
0.289,0.979998
0.29,0.979998
0.291,0.979998
0.292,0.979998
0.293,0.979998
0.294,0.979998
0.295,0.979998
0.296,0.979998
0.297,0.979998
0.298,0.979998
0.299,0.979998
0.3,0.979998
0.301,0.979998
0.302,0.979998
0.303,0.979998
0.304,0.979998
0.305,0.979998
0.306,0.979998
0.307,0.979998
0.308,0.979998
0.309,0.979998
0.31,0.979998
0.311,0.979998
0.312,0.979998
0.313,0.979998
0.314,0.979998
0.314999,0.979998
0.315999,0.979998
0.316999,0.979998
0.317999,0.979998
0.318999,0.979998
0.319999,0.979998
0.320999,0.979998
0.321999,0.979998
0.322999,0.979998
0.323999,0.979998
0.324999,0.979998
0.325999,0.979998
0.326999,0.979998
0.327999,0.979998
0.328999,0.979998
0.329999,0.979998
0.330999,0.979998
0.331999,0.979998
0.332999,0.979998
0.333999,0.979998
0.334999,0.979998
0.335999,0.979998
0.336999,0.979998
0.337999,0.979998
0.338999,0.979998
0.339999,0.979998
0.340999,0.979998
0.341999,0.979998
0.342999,0.979998
0.343999,0.979998
0.344999,0.979998
0.345999,0.979998
0.346999,0.979998
0.347999,0.979998
0.348999,0.979998
0.349999,0.979998
0.350999,0.979998
0.351999,0.979998
0.352999,0.979998
0.353999,0.979998
0.354999,0.979998
0.355999,0.979998
0.356999,0.979998
0.357999,0.979998
0.358999,0.979998
0.359999,0.979998
0.360999,0.979998
0.361999,0.979998
0.362999,0.979998
0.363999,0.979998
0.364999,0.979998
0.365999,0.979998
0.366999,0.979998
0.367999,0.979998
0.368999,0.979998
0.369999,0.979998
0.370999,0.979998
0.371999,0.979998
0.372999,0.979998
0.373999,0.979998
0.374999,0.979998
0.375999,0.979998
0.376999,0.979998
0.377999,0.979998
0.378999,0.979998
0.379999,0.979998
0.380999,0.979998
0.381999,0.979998
0.382999,0.979998
0.383999,0.979998
0.384999,0.979998
0.385999,0.979998
0.386999,0.979998
0.387999,0.979998
0.388999,0.979998
0.389999,0.979998
0.390999,0.979998
0.391998,0.979998
0.392998,0.979998
0.393998,0.979998
0.394998,0.979998
0.395998,0.979998
0.396998,0.979998
0.397998,0.979998
0.398998,0.979998
0.399998,0.979998
0.400998,0.979998
0.401998,0.979998
0.402998,0.979998
0.403998,0.979998
0.404998,0.979998
0.405998,0.979998
0.406998,0.979998
0.407998,0.979998
0.408998,0.979998
0.409998,0.979998
0.410998,0.979998
0.411998,0.979998
0.412998,0.979998
0.413998,0.979998
0.414998,0.979998
0.415998,0.979998
0.416998,0.979998
0.417998,0.979998
0.418998,0.979998
0.419998,0.979998
0.420998,0.979998
0.421998,0.979998
0.422998,0.979998
0.423998,0.979998
0.424998,0.979998
0.425998,0.979998
0.426998,0.979998
0.427998,0.979998
0.428998,0.979998
0.429998,0.979998
0.430998,0.979998
0.431998,0.979998
0.432998,0.979998
0.433998,0.979998
0.434998,0.979998
0.435998,0.979998
0.436998,0.979998
0.437998,0.979998
0.438998,0.979998
0.439998,0.979998
0.440998,0.979998
0.441998,0.979998
0.442998,0.979998
0.443998,0.979998
0.444998,0.979998
0.445998,0.979998
0.446998,0.979998
0.447998,0.979998
0.448998,0.979998
0.449998,0.979998
0.450998,0.979998
0.451998,0.979998
0.452998,0.979998
0.453998,0.979998
0.454998,0.979998
0.455998,0.979998
0.456998,0.979998
0.457998,0.979998
0.458998,0.979998
0.459998,0.979998
0.460998,0.979998
0.461998,0.979998
0.462998,0.979998
0.463998,0.979998
0.464998,0.979998
0.465998,0.979998
0.466998,0.979998
0.467998,0.979998
0.468998,0.979998
0.469997,0.979998
0.470997,0.979998
0.471997,0.979998
0.472997,0.979998
0.473997,0.979998
0.474997,0.979998
0.475997,0.979998
0.476997,0.979998
0.477997,0.979998
0.478997,0.979998
0.479997,0.979998
0.480997,0.979998
0.481997,0.979998
0.482997,0.979998
0.483997,0.979998
0.484997,0.979998
0.485997,0.979998
0.486997,0.979998
0.487997,0.979998
0.488997,0.979998
0.489997,0.979998
0.490997,0.979998
0.491997,0.979998
0.492997,0.979998
0.493997,0.979998
0.494997,0.979998
0.495997,0.979998
0.496997,0.979998
0.497997,0.979998
0.498997,0.979998
0.499997,0.979998
0.500997,0.979998
0.501997,0.979998
0.502997,0.979998
0.503997,0.979998
0.504997,0.979998
0.505997,0.979998
0.506997,0.979998
0.507997,0.979998
0.508997,0.979998
0.509997,0.979998
0.510997,0.979998
0.511997,0.979998
0.512997,0.979998
0.513997,0.979998
0.514997,0.979998
0.515997,0.979998
0.516997,0.979998
0.517997,0.979998
0.518997,0.979998
0.519997,0.979998
0.520997,0.979998
0.521997,0.979998
0.522997,0.979998
0.523997,0.979998
0.524997,0.979998
0.525997,0.979998
0.526997,0.979998
0.527997,0.979998
0.528997,0.979998
0.529997,0.979998
0.530997,0.979998
0.531997,0.979998
0.532997,0.979998
0.533997,0.979998
0.534997,0.979998
0.535997,0.979998
0.536997,0.979998
0.537997,0.979998
0.538997,0.979998
0.539997,0.979998
0.540997,0.979998
0.541997,0.979998
0.542997,0.979998
0.543997,0.979998
0.544997,0.979998
0.545997,0.979998
0.546997,0.979998
0.547997,0.979998
0.548997,0.979998
0.549996,0.979998
0.550996,0.979998
0.551996,0.979998
0.552996,0.979998
0.553996,0.979998
0.554996,0.979998
0.555996,0.979998
0.556996,0.979998
0.557996,0.979998
0.558996,0.979998
0.559996,0.979998
0.560996,0.979998
0.561996,0.979998
0.562996,0.979998
0.563996,0.979998
0.564996,0.979998
0.565996,0.979998
0.566996,0.979998
0.567996,0.979998
0.568996,0.979998
0.569996,0.979998
0.570996,0.979998
0.571996,0.979998
0.572996,0.979998
0.573996,0.979998
0.574996,0.979998
0.575996,0.979998
0.576996,0.979998
0.577996,0.979998
0.578996,0.979998
0.579996,0.979998
0.580996,0.979998
0.581996,0.979998
0.582996,0.979998
0.583996,0.979998
0.584996,0.979998
0.585996,0.979998
0.586996,0.979998
0.587996,0.979998
0.588996,0.979998
0.589996,0.979998
0.590996,0.979998
0.591996,0.979998
0.592996,0.979998
0.593996,0.979998
0.594996,0.979998
0.595996,0.979998
0.596996,0.979998
0.597996,0.979998
0.598996,0.979998
0.599996,0.979998
0.600996,0.979998
0.601996,0.979998
0.602996,0.979998
0.603996,0.979998
0.604996,0.979998
0.605996,0.979998
0.606996,0.979998
0.607996,0.979998
0.608996,0.979998
0.609996,0.979998
0.610996,0.979998
0.611996,0.979998
0.612996,0.979998
0.613996,0.979998
0.614996,0.979998
0.615996,0.979998
0.616996,0.979998
0.617996,0.979998
0.618996,0.979998
0.619996,0.979998
0.620996,0.979998
0.621996,0.979998
0.622996,0.979998
0.623996,0.979998
0.624996,0.979998
0.625996,0.979998
0.626996,0.979998
0.627995,0.979998
0.628995,0.979998
0.629995,0.979998
0.630995,0.979998
0.631995,0.979998
0.632995,0.979998
0.633995,0.979998
0.634995,0.979998
0.635995,0.979998
0.636995,0.979998
0.637995,0.979998
0.638995,0.979998
0.639995,0.979998
0.640995,0.979998
0.641995,0.979998
0.642995,0.979998
0.643995,0.979998
0.644995,0.979998
0.645995,0.979998
0.646995,0.979998
0.647995,0.979998
0.648995,0.979998
0.649995,0.979998
0.650995,0.979998
0.651995,0.979998
0.652995,0.979998
0.653995,0.979998
0.654995,0.979998
0.655995,0.979998
0.656995,0.979998
0.657995,0.979998
0.658995,0.979998
0.659995,0.979998
0.660995,0.979998
0.661995,0.979998
0.662995,0.979998
0.663995,0.979998
0.664995,0.979998
0.665995,0.979998
0.666995,0.979998
0.667995,0.979998
0.668995,0.979998
0.669995,0.979998
0.670995,0.979998
0.671995,0.979998
0.672995,0.979998
0.673995,0.979998
0.674995,0.979998
0.675995,0.979998
0.676995,0.979998
0.677995,0.979998
0.678995,0.979998
0.679995,0.979998
0.680995,0.979998
0.681995,0.979998
0.682995,0.979998
0.683995,0.979998
0.684995,0.979998
0.685995,0.979998
0.686995,0.979998
0.687995,0.979998
0.688995,0.979998
0.689995,0.979998
0.690995,0.979998
0.691995,0.979998
0.692995,0.979998
0.693995,0.979998
0.694995,0.979998
0.695995,0.979998
0.696995,0.979998
0.697995,0.979998
0.698995,0.979998
0.699995,0.979998
0.700995,0.979998
0.701995,0.979998
0.702995,0.979998
0.703995,0.979998
0.704994,0.979998
0.705994,0.979998
0.706994,0.979998
0.707994,0.979998
0.708994,0.979998
0.709994,0.979998
0.710994,0.979998
0.711994,0.979998
0.712994,0.979998
0.713994,0.979998
0.714994,0.979998
0.715994,0.979998
0.716994,0.979998
0.717994,0.979998
0.718994,0.979998
0.719994,0.979998
0.720994,0.979998
0.721994,0.979998
0.722994,0.979998
0.723994,0.979998
0.724994,0.979998
0.725994,0.979998
0.726994,0.979998
0.727994,0.979998
0.728994,0.979998
0.729994,0.979998
0.730994,0.979998
0.731994,0.979998
0.732994,0.979998
0.733994,0.979998
0.734994,0.979998
0.735994,0.979998
0.736994,0.979998
0.737994,0.979998
0.738994,0.979998
0.739994,0.979998
0.740994,0.979998
0.741994,0.979998
0.742994,0.979998
0.743994,0.979998
0.744994,0.979998
0.745994,0.979998
0.746994,0.979998
0.747994,0.979998
0.748994,0.979998
0.749994,0.979998
0.750994,0.979998
0.751994,0.979998
0.752994,0.979998
0.753994,0.979998
0.754994,0.979998
0.755994,0.979998
0.756994,0.979998
0.757994,0.979998
0.758994,0.979998
0.759994,0.979998
0.760994,0.979998
0.761994,0.979998
0.762994,0.979998
0.763994,0.979998
0.764994,0.979998
0.765994,0.979998
0.766994,0.979998
0.767994,0.979998
0.768994,0.979998
0.769994,0.979998
0.770994,0.979998
0.771994,0.979998
0.772994,0.979998
0.773994,0.979998
0.774994,0.979998
0.775994,0.979998
0.776994,0.979998
0.777994,0.979998
0.778994,0.979998
0.779994,0.979998
0.780994,0.979998
0.781994,0.979998
0.782993,0.979998
0.783993,0.979998
0.784993,0.979998
0.785993,0.979998
0.786993,0.979998
0.787993,0.979998
0.788993,0.979998
0.789993,0.979998
0.790993,0.979998
0.791993,0.979998
0.792993,0.979998
0.793993,0.979998
0.794993,0.979998
0.795993,0.979998
0.796993,0.979998
0.797993,0.979998
0.798993,0.979998
0.799993,0.979998
0.800993,0.979998
0.801993,0.979998
0.802993,0.979998
0.803993,0.979998
0.804993,0.979998
0.805993,0.979998
0.806993,0.979998
0.807993,0.979998
0.808993,0.979998
0.809993,0.979998
0.810993,0.979998
0.811993,0.979998
0.812993,0.979998
0.813993,0.979998
0.814993,0.979998
0.815993,0.979998
0.816993,0.979998
0.817993,0.979998
0.818993,0.979998
0.819993,0.979998
0.820993,0.979998
0.821993,0.979998
0.822993,0.979998
0.823993,0.979998
0.824993,0.979998
0.825993,0.979998
0.826993,0.979998
0.827993,0.979998
0.828993,0.979998
0.829993,0.979998
0.830993,0.979998
0.831993,0.979998
0.832993,0.979998
0.833993,0.979998
0.834993,0.979998
0.835993,0.979998
0.836993,0.979998
0.837993,0.979998
0.838993,0.979998
0.839993,0.979998
0.840993,0.979998
0.841993,0.979998
0.842993,0.979998
0.843993,0.979998
0.844993,0.979998
0.845993,0.979998
0.846993,0.979998
0.847993,0.979998
0.848993,0.979998
0.849993,0.979998
0.850993,0.979998
0.851993,0.979998
0.852993,0.979998
0.853993,0.979998
0.854993,0.979998
0.855993,0.979998
0.856993,0.979998
0.857993,0.979998
0.858993,0.979998
0.859993,0.979998
0.860992,0.979998
0.861992,0.979998
0.862992,0.979998
0.863992,0.979998
0.864992,0.979998
0.865992,0.979998
0.866992,0.979998
0.867992,0.979998
0.868992,0.979998
0.869992,0.979998
0.870992,0.979998
0.871992,0.979998
0.872992,0.979998
0.873992,0.979998
0.874992,0.979998
0.875992,0.979998
0.876992,0.979998
0.877992,0.979998
0.878992,0.979998
0.879992,0.979998
0.880992,0.979998
0.881992,0.979998
0.882992,0.979998
0.883992,0.979998
0.884992,0.979998
0.885992,0.979998
0.886992,0.979998
0.887992,0.979998
0.888992,0.979998
0.889992,0.979998
0.890992,0.979998
0.891992,0.979998
0.892992,0.979998
0.893992,0.979998
0.894992,0.979998
0.895992,0.979998
0.896992,0.979998
0.897992,0.979998
0.898992,0.979998
0.899992,0.979998
0.900992,0.979998
0.901992,0.979998
0.902992,0.979998
0.903992,0.979998
0.904992,0.979998
0.905992,0.979998
0.906992,0.979998
0.907992,0.979998
0.908992,0.979998
0.909992,0.979998
0.910992,0.979998
0.911992,0.979998
0.912992,0.979998
0.913992,0.979998
0.914992,0.979998
0.915992,0.979998
0.916992,0.979998
0.917992,0.979998
0.918992,0.979998
0.919992,0.979998
0.920992,0.979998
0.921992,0.979998
0.922992,0.979998
0.923992,0.979998
0.924992,0.979998
0.925992,0.979998
0.926992,0.979998
0.927992,0.979998
0.928992,0.979998
0.929992,0.979998
0.930992,0.979998
0.931992,0.979998
0.932992,0.979998
0.933992,0.979998
0.934992,0.979998
0.935992,0.979998
0.936992,0.979998
0.937991,0.979998
0.938991,0.979998
0.939991,0.979998
0.940991,0.979998
0.941991,0.979998
0.942991,0.979998
0.943991,0.979998
0.944991,0.979998
0.945991,0.979998
0.946991,0.979998
0.947991,0.979998
0.948991,0.979998
0.949991,0.979998
0.950991,0.979998
0.951991,0.979998
0.952991,0.979998
0.953991,0.979998
0.954991,0.979998
0.955991,0.979998
0.956991,0.979998
0.957991,0.979998
0.958991,0.979998
0.959991,0.979998
0.960991,0.979998
0.961991,0.979998
0.962991,0.979998
0.963991,0.979998
0.964991,0.979998
0.965991,0.979998
0.966991,0.979998
0.967991,0.979998
0.968991,0.979998
0.969991,0.979998
0.970991,0.979998
0.971991,0.979998
0.972991,0.979998
0.973991,0.979998
0.974991,0.979998
0.975991,0.979998
0.976991,0.979998
0.977991,0.979998
0.978991,0.979998
0.979991,0.979998
0.980991,0.979998
0.981991,0.979998
0.982991,0.979998
0.983991,0.979998
0.984991,0.979998
0.985991,0.979998
0.986991,0.979998
0.987991,0.979998
0.988991,0.979998
0.989991,0.979998
0.990991,0.979998
0.991991,0.979998
0.992991,0.979998
0.993991,0.979998
0.994991,0.979998
0.995991,0.979998
0.996991,0.979998
0.997991,0.979998
0.998991,0.979998
0.999991,0.979998
1.00099,0.979998
1.00199,0.979998
1.00299,0.979998
1.00399,0.979998
1.00499,0.979998
1.00599,0.979998
1.00699,0.979998
1.00799,0.979998
1.00899,0.979998
1.00999,0.979998
1.01099,0.979998
1.01199,0.979998
1.01199,0.979998
1.01299,0.979998
1.01399,0.979998
1.01499,0.979998
1.01599,0.979998
1.01699,0.979998
1.01799,0.979998
1.01899,0.979998
1.01999,0.979998
1.02099,0.979998
1.02199,0.979998
1.02299,0.979998
1.02399,0.979998
1.02499,0.979998
1.02599,0.979998
1.02699,0.979998
1.02799,0.979998
1.02899,0.979998
1.02999,0.979998
1.03099,0.979998
1.03199,0.979998
1.03299,0.979998
1.03399,0.979998
1.03499,0.979998
1.03599,0.979998
1.03699,0.979998
1.03799,0.979998
1.03899,0.979998
1.03999,0.979998
1.04099,0.979998
1.04199,0.979998
1.04299,0.979998
1.04399,0.979998
1.04499,0.979998
1.04599,0.979998
1.04699,0.979998
1.04799,0.979998
1.04899,0.979998
1.04999,0.979998
1.05099,0.979998
1.05199,0.979998
1.05299,0.979998
1.05399,0.979998
1.05499,0.979998
1.05599,0.979998
1.05699,0.979998
1.05799,0.979998
1.05899,0.979998
1.05999,0.979998
1.06099,0.979998
1.06199,0.979998
1.06199,0.979998
1.06299,0.979998
1.06399,0.979998
1.06499,0.979998
1.06599,0.979998
1.06699,0.979998
1.06799,0.979998
1.06899,0.979998
1.06999,0.979998
1.07099,0.979998
1.07199,0.979998
1.07299,0.979998
1.07399,0.979998
1.07499,0.979998
1.07599,0.979998
1.07699,0.979998
1.07799,0.979998
1.07899,0.979998
1.07999,0.979998
1.08099,0.979998
1.08199,0.979998
1.08299,0.979998
1.08399,0.979998
1.08499,0.979998
1.08599,0.979998
1.08699,0.979998
1.08799,0.979998
1.08899,0.979998
1.08999,0.979998
1.09099,0.979998
1.092,0.979998
1.093,0.979998
1.094,0.979998
1.095,0.979998
1.096,0.979998
1.097,0.979998
1.098,0.979998
1.099,0.979998
1.1,0.979998
1.101,0.979998
1.102,0.979998
1.103,0.979998
1.104,0.979998
1.105,0.979998
1.106,0.979998
1.107,0.979998
1.108,0.979998
1.109,0.979998
1.11,0.979998
1.111,0.979998
1.112,0.979998
1.113,0.979998
1.114,0.979998
1.115,0.979998
1.116,0.979998
1.117,0.979998
1.118,0.979998
1.119,0.979998
1.12,0.979998
1.121,0.979998
1.122,0.979998
1.123,0.979998
1.124,0.979998
1.125,0.979998
1.126,0.979998
1.127,0.979998
1.128,0.979998
1.129,0.979998
1.13,0.979998
1.131,0.979998
1.132,0.979998
1.133,0.979998
1.134,0.979998
1.135,0.979998
1.136,0.979998
1.137,0.979998
1.138,0.979998
1.139,0.979998
1.14,0.979998
1.141,0.979998
1.142,0.979998
1.143,0.979998
1.144,0.979998
1.145,0.979998
1.146,0.979998
1.147,0.979998
1.148,0.979998
1.149,0.979998
1.15,0.979998
1.151,0.979998
1.152,0.979998
1.153,0.979998
1.154,0.979998
1.155,0.979998
1.156,0.979998
1.157,0.979998
1.158,0.979998
1.159,0.979998
1.16,0.979998
1.161,0.979998
1.162,0.979998
1.163,0.979998
1.164,0.979998
1.165,0.979998
1.166,0.979998
1.167,0.979998
1.168,0.979998
1.169,0.979998
1.17,0.979998
1.171,0.979998
1.172,0.979998
1.173,0.979998
1.174,0.979998
1.175,0.979998
1.176,0.979998
1.177,0.979998
1.178,0.979998
1.179,0.979998
1.18,0.979998
1.181,0.979998
1.182,0.979998
1.183,0.979998
1.184,0.979998
1.185,0.979998
1.186,0.979998
1.187,0.979998
1.188,0.979998
1.189,0.979998
1.19,0.979998
1.191,0.979998
1.192,0.979998
1.193,0.979998
1.194,0.979998
1.195,0.979998
1.196,0.979998
1.197,0.979998
1.198,0.979998
1.199,0.979998
1.2,0.979998
1.201,0.979998
1.202,0.979998
1.203,0.979998
1.204,0.979998
1.205,0.979998
1.206,0.979998
1.207,0.979998
1.208,0.979998
1.209,0.979998
1.21,0.979998
1.211,0.979998
1.212,0.979998
1.213,0.979998
1.214,0.979998
1.215,0.979998
1.216,0.979998
1.217,0.979998
1.218,0.979998
1.219,0.979998
1.22,0.979998
1.221,0.979998
1.222,0.979998
1.223,0.979998
1.224,0.979998
1.225,0.979998
1.226,0.979998
1.227,0.979998
1.228,0.979998
1.229,0.979998
1.23,0.979998
1.231,0.979998
1.232,0.979998
1.233,0.979998
1.234,0.979998
1.235,0.979998
1.236,0.979998
1.237,0.979998
1.238,0.979998
1.239,0.979998
1.24,0.979998
1.241,0.979998
1.242,0.979998
1.243,0.979998
1.244,0.979998
1.245,0.979998
1.246,0.979998
1.247,0.979998
1.248,0.979998
1.249,0.979998
1.25,0.979998
1.251,0.979998
1.252,0.979998
1.253,0.979998
1.254,0.979998
1.255,0.979998
1.256,0.979998
1.257,0.979998
1.258,0.979998
1.259,0.979998
1.26,0.979998
1.261,0.979998
1.262,0.979998
1.263,0.979998
1.264,0.979998
1.265,0.979998
1.266,0.979998
1.267,0.979998
1.268,0.979998
1.269,0.979998
1.27,0.979998
1.271,0.979998
1.272,0.979998
1.273,0.979998
1.274,0.979998
1.275,0.979998
1.276,0.979998
1.277,0.979998
1.278,0.979998
1.279,0.979998
1.28,0.979998
1.281,0.979998
1.282,0.979998
1.283,0.979998
1.284,0.979998
1.285,0.979998
1.286,0.979998
1.287,0.979998
1.288,0.979998
1.289,0.979998
1.29,0.979998
1.291,0.979998
1.292,0.979998
1.293,0.979998
1.294,0.979998
1.295,0.979998
1.296,0.979998
1.297,0.979998
1.298,0.979998
1.299,0.979998
1.3,0.979998
1.301,0.979998
1.302,0.979998
1.303,0.979998
1.304,0.979998
1.305,0.979998
1.30601,0.979998
1.30701,0.979998
1.30801,0.979998
1.30901,0.979998
1.31001,0.979998
1.31101,0.979998
1.31201,0.979998
1.31301,0.979998
1.31401,0.979998
1.31501,0.979998
1.31601,0.979998
1.31701,0.979998
1.31801,0.979998
1.31901,0.979998
1.32001,0.979998
1.32101,0.979998
1.32201,0.979998
1.32301,0.979998
1.32401,0.979998
1.32501,0.979998
1.32601,0.979998
1.32701,0.979998
1.32801,0.979998
1.32901,0.979998
1.33001,0.979998
1.33101,0.979998
1.33201,0.979998
1.33301,0.979998
1.33401,0.979998
1.33501,0.979998
1.33601,0.979998
1.33701,0.979998
1.33801,0.979998
1.33901,0.979998
1.34001,0.979998
1.34101,0.979998
1.34201,0.979998
1.34301,0.979998
1.34401,0.979998
1.34501,0.979998
1.34601,0.979998
1.34701,0.979998
1.34801,0.979998
1.34901,0.979998
1.35001,0.979998
1.35101,0.979998
1.35201,0.979998
1.35301,0.979998
1.35401,0.979998
1.35501,0.979998
1.35601,0.979998
1.35701,0.979998
1.35801,0.979998
1.35901,0.979998
1.36001,0.979998
1.36101,0.979998
1.36201,0.979998
1.36301,0.979998
1.36401,0.979998
1.36501,0.979998
1.36601,0.979998
1.36701,0.979998
1.36801,0.979998
1.36901,0.979998
1.37001,0.979998
1.37101,0.979998
1.37201,0.979998
1.37301,0.979998
1.37401,0.979998
1.37501,0.979998
1.37601,0.979998
1.37701,0.979998
1.37801,0.979998
1.37901,0.979998
1.38001,0.979998
1.38101,0.979998
1.38201,0.979998
1.38301,0.979998
1.38401,0.979998
1.38501,0.979998
1.38601,0.979998
1.38701,0.979998
1.38801,0.979998
1.38901,0.979998
1.39001,0.979998
1.39101,0.979998
1.39201,0.979998
1.39301,0.979998
1.39401,0.979998
1.39501,0.979998
1.39601,0.979998
1.39701,0.979998
1.39801,0.979998
1.39901,0.979998
1.40001,0.979998
1.40101,0.979998
1.40201,0.979998
1.40301,0.979998
1.40401,0.979998
1.40501,0.979998
1.40601,0.979998
1.40701,0.979998
1.40801,0.979998
1.40901,0.979998
1.41001,0.979998
1.41101,0.979998
1.41201,0.979998
1.41301,0.979998
1.41401,0.979998
1.41501,0.979998
1.41601,0.979998
1.41701,0.979998
1.41801,0.979998
1.41901,0.979998
1.42001,0.979998
1.42101,0.979998
1.42201,0.979998
1.42301,0.979998
1.42401,0.979998
1.42501,0.979998
1.42601,0.979998
1.42701,0.979998
1.42801,0.979998
1.42901,0.979998
1.43001,0.979998
1.43101,0.979998
1.43201,0.979998
1.43301,0.979998
1.43401,0.979998
1.43501,0.979998
1.43601,0.979998
1.43701,0.979998
1.43801,0.979998
1.43901,0.979998
1.44001,0.979998
1.44101,0.979998
1.44201,0.979998
1.44301,0.979998
1.44401,0.979998
1.44501,0.979998
1.44601,0.979998
1.44701,0.979998
1.44801,0.979998
1.44901,0.979998
1.45001,0.979998
1.45101,0.979998
1.45201,0.979998
1.45301,0.979998
1.45401,0.979998
1.45501,0.979998
1.45601,0.979998
1.45701,0.979998
1.45801,0.979998
1.45901,0.979998
1.46001,0.979998
1.46101,0.979998
1.46201,0.979998
1.46301,0.979998
1.46401,0.979998
1.46501,0.979998
1.46601,0.979998
1.46701,0.979998
1.46801,0.979998
1.46901,0.979998
1.47001,0.979998
1.47101,0.979998
1.47201,0.979998
1.47301,0.979998
1.47401,0.979998
1.47501,0.979998
1.47601,0.979998
1.47701,0.979998
1.47801,0.979998
1.47901,0.979998
1.48001,0.979998
1.48101,0.979998
1.48201,0.979998
1.48301,0.979998
1.48401,0.979998
1.48501,0.979998
1.48601,0.979998
1.48701,0.979998
1.48801,0.979998
1.48901,0.979998
1.49001,0.979998
1.49101,0.979998
1.49201,0.979998
1.49301,0.979998
1.49401,0.979998
1.49501,0.979998
1.49601,0.979998
1.49701,0.979998
1.49801,0.979998
1.49901,0.979998
1.50001,0.979998
1.50101,0.979998
1.50201,0.979998
1.50301,0.979998
1.50401,0.979998
1.50501,0.979998
1.50601,0.979998
1.50701,0.979998
1.50801,0.979998
1.50901,0.979998
1.51001,0.979998
1.51101,0.979998
1.51201,0.979998
1.51301,0.979998
1.51401,0.979998
1.51501,0.979998
1.51601,0.979998
1.51701,0.979998
1.51801,0.979998
1.51901,0.979998
1.52002,0.979998
1.52102,0.979998
1.52202,0.979998
1.52302,0.979998
1.52402,0.979998
1.52502,0.979998
1.52602,0.979998
1.52702,0.979998
1.52802,0.979998
1.52902,0.979998
1.53002,0.979998
1.53102,0.979998
1.53202,0.979998
1.53302,0.979998
1.53402,0.979998
1.53502,0.979998
1.53602,0.979998
1.53702,0.979998
1.53802,0.979998
1.53902,0.979998
1.54002,0.979998
1.54102,0.979998
1.54202,0.979998
1.54302,0.979998
1.54402,0.979998
1.54502,0.979998
1.54602,0.979998
1.54702,0.979998
1.54802,0.979998
1.54902,0.979998
1.55002,0.979998
1.55102,0.979998
1.55202,0.979998
1.55302,0.979998
1.55402,0.979998
1.55502,0.979998
1.55602,0.979998
1.55702,0.979998
1.55802,0.979998
1.55902,0.979998
1.56002,0.979998
1.56102,0.979998
1.56202,0.979998
1.56302,0.979998
1.56402,0.979998
1.56502,0.979998
1.56602,0.979998
1.56702,0.979998
1.56802,0.979998
1.56902,0.979998
1.57002,0.979998
1.57102,0.979998
1.57202,0.979998
1.57302,0.979998
1.57402,0.979998
1.57502,0.979998
1.57602,0.979998
1.57702,0.979998
1.57802,0.979998
1.57902,0.979998
1.58002,0.979998
1.58102,0.979998
1.58202,0.979998
1.58302,0.979998
1.58402,0.979998
1.58502,0.979998
1.58602,0.979998
1.58702,0.979998
1.58802,0.979998
1.58902,0.979998
1.59002,0.979998
1.59102,0.979998
1.59202,0.979998
1.59302,0.979998
1.59402,0.979998
1.59502,0.979998
1.59602,0.979998
1.59702,0.979998
1.59802,0.979998
1.59902,0.979998
1.60002,0.979998
1.60102,0.979998
1.60202,0.979998
1.60302,0.979998
1.60402,0.979998
1.60502,0.979998
1.60602,0.979998
1.60702,0.979998
1.60802,0.979998
1.60902,0.979998
1.61002,0.979998
1.61102,0.979998
1.61202,0.979998
1.61302,0.979998
1.61402,0.979998
1.61502,0.979998
1.61602,0.979998
1.61702,0.979998
1.61802,0.979998
1.61902,0.979998
1.62002,0.979998
1.62102,0.979998
1.62202,0.979998
1.62302,0.979998
1.62402,0.979998
1.62502,0.979998
1.62602,0.979998
1.62702,0.979998
1.62802,0.979998
1.62902,0.979998
1.63002,0.979998
1.63102,0.979998
1.63202,0.979998
1.63302,0.979998
1.63402,0.979998
1.63502,0.979998
1.63602,0.979998
1.63702,0.979998
1.63802,0.979998
1.63902,0.979998
1.64002,0.979998
1.64102,0.979998
1.64202,0.979998
1.64302,0.979998
1.64402,0.979998
1.64502,0.979998
1.64602,0.979998
1.64702,0.979998
1.64802,0.979998
1.64902,0.979998
1.65002,0.979998
1.65102,0.979998
1.65202,0.979998
1.65302,0.979998
1.65402,0.979998
1.65502,0.979998
1.65602,0.979998
1.65702,0.979998
1.65802,0.979998
1.65902,0.979998
1.66002,0.979998
1.66102,0.979998
1.66202,0.979998
1.66302,0.979998
1.66402,0.979998
1.66502,0.979998
1.66602,0.979998
1.66702,0.979998
1.66802,0.979998
1.66902,0.979998
1.67002,0.979998
1.67102,0.979998
1.67202,0.979998
1.67302,0.979998
1.67402,0.979998
1.67502,0.979998
1.67602,0.979998
1.67702,0.979998
1.67802,0.979998
1.67902,0.979998
1.68002,0.979998
1.68102,0.979998
1.68202,0.979998
1.68302,0.979998
1.68402,0.979998
1.68502,0.979998
1.68602,0.979998
1.68702,0.979998
1.68802,0.979998
1.68902,0.979998
1.69002,0.979998
1.69102,0.979998
1.69202,0.979998
1.69302,0.979998
1.69402,0.979998
1.69502,0.979998
1.69602,0.979998
1.69702,0.979998
1.69802,0.979998
1.69902,0.979998
1.70002,0.979998
1.70102,0.979998
1.70202,0.979998
1.70302,0.979998
1.70402,0.979998
1.70502,0.979998
1.70602,0.979998
1.70702,0.979998
1.70802,0.979998
1.70902,0.979998
1.71002,0.979998
1.71102,0.979998
1.71202,0.979998
1.71302,0.979998
1.71402,0.979998
1.71502,0.979998
1.71602,0.979998
1.71702,0.979998
1.71802,0.979998
1.71902,0.979998
1.72002,0.979998
1.72102,0.979998
1.72202,0.979998
1.72302,0.979998
1.72402,0.979998
1.72502,0.979998
1.72602,0.979998
1.72702,0.979998
1.72802,0.979998
1.72902,0.979998
1.73002,0.979998
1.73102,0.979998
1.73202,0.979998
1.73302,0.979998
1.73403,0.979998
1.73503,0.979998
1.73603,0.979998
1.73703,0.979998
1.73803,0.979998
1.73903,0.979998
1.74003,0.979998
1.74103,0.979998
1.74203,0.979998
1.74303,0.979998
1.74403,0.979998
1.74503,0.979998
1.74603,0.979998
1.74703,0.979998
1.74803,0.979998
1.74903,0.979998
1.75003,0.979998
1.75103,0.979998
1.75203,0.979998
1.75303,0.979998
1.75403,0.979998
1.75503,0.979998
1.75603,0.979998
1.75703,0.979998
1.75803,0.979998
1.75903,0.979998
1.76003,0.979998
1.76103,0.979998
1.76203,0.979998
1.76303,0.979998
1.76403,0.979998
1.76503,0.979998
1.76603,0.979998
1.76703,0.979998
1.76803,0.979998
1.76903,0.979998
1.77003,0.979998
1.77103,0.979998
1.77203,0.979998
1.77303,0.979998
1.77403,0.979998
1.77503,0.979998
1.77603,0.979998
1.77703,0.979998
1.77803,0.979998
1.77903,0.979998
1.78003,0.979998
1.78103,0.979998
1.78203,0.979998
1.78303,0.979998
1.78403,0.979998
1.78503,0.979998
1.78603,0.979998
1.78703,0.979998
1.78803,0.979998
1.78903,0.979998
1.79003,0.979998
1.79103,0.979998
1.79203,0.979998
1.79303,0.979998
1.79403,0.979998
1.79503,0.979998
1.79603,0.979998
1.79703,0.979998
1.79803,0.979998
1.79903,0.979998
1.80003,0.979998
1.80103,0.979998
1.80203,0.979998
1.80303,0.979998
1.80403,0.979998
1.80503,0.979998
1.80603,0.979998
1.80703,0.979998
1.80803,0.979998
1.80903,0.979998
1.81003,0.979998
1.81103,0.979998
1.81203,0.979998
1.81303,0.979998
1.81403,0.979998
1.81503,0.979998
1.81603,0.979998
1.81703,0.979998
1.81803,0.979998
1.81903,0.979998
1.82003,0.979998
1.82103,0.979998
1.82203,0.979998
1.82303,0.979998
1.82403,0.979998
1.82503,0.979998
1.82603,0.979998
1.82703,0.979998
1.82803,0.979998
1.82903,0.979998
1.83003,0.979998
1.83103,0.979998
1.83203,0.979998
1.83303,0.979998
1.83403,0.979998
1.83503,0.979998
1.83603,0.979998
1.83703,0.979998
1.83803,0.979998
1.83903,0.979998
1.84003,0.979998
1.84103,0.979998
1.84203,0.979998
1.84303,0.979998
1.84403,0.979998
1.84503,0.979998
1.84603,0.979998
1.84703,0.979998
1.84803,0.979998
1.84903,0.979998
1.85003,0.979998
1.85103,0.979998
1.85203,0.979998
1.85303,0.979998
1.85403,0.979998
1.85503,0.979998
1.85603,0.979998
1.85703,0.979998
1.85803,0.979998
1.85903,0.979998
1.86003,0.979998
1.86103,0.979998
1.86203,0.979998
1.86303,0.979998
1.86403,0.979998
1.86503,0.979998
1.86603,0.979998
1.86703,0.979998
1.86803,0.979998
1.86903,0.979998
1.87003,0.979998
1.87103,0.979998
1.87203,0.979998
1.87303,0.979998
1.87403,0.979998
1.87503,0.979998
1.87603,0.979998
1.87703,0.979998
1.87803,0.979998
1.87903,0.979998
1.88003,0.979998
1.88103,0.979998
1.88203,0.979998
1.88303,0.979998
1.88403,0.979998
1.88503,0.979998
1.88603,0.979998
1.88703,0.979998
1.88803,0.979998
1.88903,0.979998
1.89003,0.979998
1.89103,0.979998
1.89203,0.979998
1.89303,0.979998
1.89403,0.979998
1.89503,0.979998
1.89603,0.979998
1.89703,0.979998
1.89803,0.979998
1.89903,0.979998
1.90003,0.979998
1.90103,0.979998
1.90203,0.979998
1.90303,0.979998
1.90403,0.979998
1.90503,0.979998
1.90603,0.979998
1.90703,0.979998
1.90803,0.979998
1.90903,0.979998
1.91003,0.979998
1.91103,0.979998
1.91203,0.979998
1.91303,0.979998
1.91403,0.979998
1.91503,0.979998
1.91603,0.979998
1.91703,0.979998
1.91803,0.979998
1.91903,0.979998
1.92003,0.979998
1.92103,0.979998
1.92203,0.979998
1.92303,0.979998
1.92403,0.979998
1.92503,0.979998
1.92603,0.979998
1.92703,0.979998
1.92803,0.979998
1.92903,0.979998
1.93003,0.979998
1.93103,0.979998
1.93203,0.979998
1.93303,0.979998
1.93403,0.979998
1.93503,0.979998
1.93603,0.979998
1.93703,0.979998
1.93803,0.979998
1.93903,0.979998
1.94003,0.979998
1.94103,0.979998
1.94203,0.979998
1.94303,0.979998
1.94403,0.979998
1.94503,0.979998
1.94603,0.979998
1.94703,0.979998
1.94804,0.979998
1.94904,0.979998
1.95004,0.979998
1.95104,0.979998
1.95204,0.979998
1.95304,0.979998
1.95404,0.979998
1.95504,0.979998
1.95604,0.979998
1.95704,0.979998
1.95804,0.979998
1.95904,0.979998
1.96004,0.979998
1.96104,0.979998
1.96204,0.979998
1.96304,0.979998
1.96404,0.979998
1.96504,0.979998
1.96604,0.979998
1.96704,0.979998
1.96804,0.979998
1.96904,0.979998
1.97004,0.979998
1.97104,0.979998
1.97204,0.979998
1.97304,0.979998
1.97404,0.979998
1.97504,0.979998
1.97604,0.979998
1.97704,0.979998
1.97804,0.979998
1.97904,0.979998
1.98004,0.979998
1.98104,0.979998
1.98204,0.979998
1.98304,0.979998
1.98404,0.979998
1.98504,0.979998
1.98604,0.979998
1.98704,0.979998
1.98804,0.979998
1.98904,0.979998
1.99004,0.979998
1.99104,0.979998
1.99204,0.979998
1.99304,0.979998
1.99404,0.979998
1.99504,0.979998
1.99604,0.979998
1.99704,0.979998
1.99804,0.979998
1.99904,0.979998
2.00004,0.979998
2.00104,0.979998
2.00204,0.979998
2.00304,0.979998
2.00404,0.979998
2.00504,0.979998
2.00604,0.979998
2.00704,0.979998
2.00804,0.979998
2.00904,0.979998
2.01004,0.979998
2.01104,0.979998
2.01204,0.979998
2.01304,0.979998
2.01404,0.979998
2.01504,0.979998
2.01604,0.979998
2.01704,0.979998
2.01804,0.979998
2.01904,0.979998
2.02004,0.979998
2.02104,0.979998
2.02204,0.979998
2.02304,0.979998
2.02404,0.979998
2.02504,0.979998
2.02604,0.979998
2.02704,0.979998
2.02804,0.979998
2.02904,0.979998
2.03004,0.979998
2.03104,0.979998
2.03204,0.979998
2.03304,0.979998
2.03403,0.979998
2.03503,0.979998
2.03603,0.979998
2.03703,0.979998
2.03803,0.979998
2.03903,0.979998
2.04003,0.979998
2.04103,0.979998
2.04203,0.979998
2.04303,0.979998
2.04403,0.979998
2.04503,0.979998
2.04603,0.979998
2.04703,0.979998
2.04803,0.979998
2.04903,0.979998
2.05003,0.979998
2.05103,0.979998
2.05203,0.979998
2.05303,0.979998
2.05403,0.979998
2.05503,0.979998
2.05603,0.979998
2.05703,0.979998
2.05803,0.979998
2.05903,0.979998
2.06003,0.979998
2.06103,0.979998
2.06203,0.979998
2.06303,0.979998
2.06403,0.979998
2.06503,0.979998
2.06603,0.979998
2.06703,0.979998
2.06803,0.979998
2.06903,0.979998
2.07003,0.979998
2.07103,0.979998
2.07203,0.979998
2.07303,0.979998
2.07403,0.979998
2.07503,0.979998
2.07603,0.979998
2.07703,0.979998
2.07803,0.979998
2.07903,0.979998
2.08003,0.979998
2.08103,0.979998
2.08203,0.979998
2.08303,0.979998
2.08403,0.979998
2.08503,0.979998
2.08603,0.979998
2.08703,0.979998
2.08803,0.979998
2.08903,0.979998
2.09003,0.979998
2.09103,0.979998
2.09203,0.979998
2.09303,0.979998
2.09403,0.979998
2.09503,0.979998
2.09603,0.979998
2.09703,0.979998
2.09803,0.979998
2.09903,0.979998
2.10003,0.979998
2.10103,0.979998
2.10203,0.979998
2.10303,0.979998
2.10403,0.979998
2.10503,0.979998
2.10603,0.979998
2.10703,0.979998
2.10803,0.979998
2.10903,0.979998
2.11003,0.979998
2.11103,0.979998
2.11203,0.979998
2.11303,0.979998
2.11403,0.979998
2.11503,0.979998
2.11603,0.979998
2.11703,0.979998
2.11803,0.979998
2.11903,0.979998
2.12003,0.979998
2.12103,0.979998
2.12203,0.979998
2.12303,0.979998
2.12403,0.979998
2.12503,0.979998
2.12603,0.979998
2.12703,0.979998
2.12803,0.979998
2.12903,0.979998
2.13003,0.979998
2.13103,0.979998
2.13203,0.979998
2.13303,0.979998
2.13403,0.979998
2.13503,0.979998
2.13603,0.979998
2.13703,0.979998
2.13803,0.979998
2.13903,0.979998
2.14003,0.979998
2.14103,0.979998
2.14203,0.979998
2.14303,0.979998
2.14403,0.979998
2.14503,0.979998
2.14603,0.979998
2.14703,0.979998
2.14803,0.979998
2.14903,0.979998
2.15003,0.979998
2.15103,0.979998
2.15203,0.979998
2.15303,0.979998
2.15403,0.979998
2.15503,0.979998
2.15603,0.979998
2.15703,0.979998
2.15803,0.979998
2.15903,0.979998
2.16003,0.979998
2.16103,0.979998
2.16203,0.979998
2.16303,0.979998
2.16403,0.979998
2.16503,0.979998
2.16603,0.979998
2.16703,0.979998
2.16803,0.979998
2.16903,0.979998
2.17003,0.979998
2.17103,0.979998
2.17202,0.979998
2.17302,0.979998
2.17402,0.979998
2.17502,0.979998
2.17602,0.979998
2.17702,0.979998
2.17802,0.979998
2.17902,0.979998
2.18002,0.979998
2.18102,0.979998
2.18202,0.979998
2.18302,0.979998
2.18402,0.979998
2.18502,0.979998
2.18602,0.979998
2.18702,0.979998
2.18802,0.979998
2.18902,0.979998
2.19002,0.979998
2.19102,0.979998
2.19202,0.979998
2.19302,0.979998
2.19402,0.979998
2.19502,0.979998
2.19602,0.979998
2.19702,0.979998
2.19802,0.979998
2.19902,0.979998
2.20002,0.979998
2.20102,0.979998
2.20202,0.979998
2.20302,0.979998
2.20402,0.979998
2.20502,0.979998
2.20602,0.979998
2.20702,0.979998
2.20802,0.979998
2.20902,0.979998
2.21002,0.979998
2.21102,0.979998
2.21202,0.979998
2.21302,0.979998
2.21402,0.979998
2.21502,0.979998
2.21602,0.979998
2.21702,0.979998
2.21802,0.979998
2.21902,0.979998
2.22002,0.979998
2.22102,0.979998
2.22202,0.979998
2.22302,0.979998
2.22402,0.979998
2.22502,0.979998
2.22602,0.979998
2.22702,0.979998
2.22802,0.979998
2.22902,0.979998
2.23002,0.979998
2.23102,0.979998
2.23202,0.979998
2.23302,0.979998
2.23402,0.979998
2.23502,0.979998
2.23602,0.979998
2.23702,0.979998
2.23802,0.979998
2.23902,0.979998
2.24002,0.979998
2.24102,0.979998
2.24202,0.979998
2.24302,0.979998
2.24402,0.979998
2.24502,0.979998
2.24602,0.979998
2.24702,0.979998
2.24802,0.979998
2.24902,0.979998
2.25002,0.979998
2.25102,0.979998
2.25202,0.979998
2.25302,0.979998
2.25402,0.979998
2.25502,0.979998
2.25602,0.979998
2.25702,0.979998
2.25802,0.979998
2.25902,0.979998
2.26002,0.979998
2.26102,0.979998
2.26202,0.979998
2.26302,0.979998
2.26402,0.979998
2.26502,0.979998
2.26602,0.979998
2.26702,0.979998
2.26802,0.979998
2.26902,0.979998
2.27002,0.979998
2.27102,0.979998
2.27202,0.979998
2.27302,0.979998
2.27402,0.979998
2.27502,0.979998
2.27602,0.979998
2.27702,0.979998
2.27802,0.979998
2.27902,0.979998
2.28002,0.979998
2.28102,0.979998
2.28202,0.979998
2.28302,0.979998
2.28402,0.979998
2.28502,0.979998
2.28602,0.979998
2.28702,0.979998
2.28802,0.979998
2.28902,0.979998
2.29002,0.979998
2.29102,0.979998
2.29202,0.979998
2.29302,0.979998
2.29402,0.979998
2.29502,0.979998
2.29602,0.979998
2.29702,0.979998
2.29802,0.979998
2.29902,0.979998
2.30002,0.979998
2.30102,0.979998
2.30202,0.979998
2.30302,0.979998
2.30402,0.979998
2.30502,0.979998
2.30602,0.979998
2.30702,0.979998
2.30802,0.979998
2.30902,0.979998
2.31001,0.979998
2.31101,0.979998
2.31201,0.979998
2.31301,0.979998
2.31401,0.979998
2.31501,0.979998
2.31601,0.979998
2.31701,0.979998
2.31801,0.979998
2.31901,0.979998
2.32001,0.979998
2.32101,0.979998
2.32201,0.979998
2.32301,0.979998
2.32401,0.979998
2.32501,0.979998
2.32601,0.979998
2.32701,0.979998
2.32801,0.979998
2.32901,0.979998
2.33001,0.979998
2.33101,0.979998
2.33201,0.979998
2.33301,0.979998
2.33401,0.979998
2.33501,0.979998
2.33601,0.979998
2.33701,0.979998
2.33801,0.979998
2.33901,0.979998
2.34001,0.979998
2.34101,0.979998
2.34201,0.979998
2.34301,0.979998
2.34401,0.979998
2.34501,0.979998
2.34601,0.979998
2.34701,0.979998
2.34801,0.979998
2.34901,0.979998
2.35001,0.979998
2.35101,0.979998
2.35201,0.979998
2.35301,0.979998
2.35401,0.979998
2.35501,0.979998
2.35601,0.979998
2.35701,0.979998
2.35801,0.979998
2.35901,0.979998
2.36001,0.979998
2.36101,0.979998
2.36201,0.979998
2.36301,0.979998
2.36401,0.979998
2.36501,0.979998
2.36601,0.979998
2.36701,0.979998
2.36801,0.979998
2.36901,0.979998
2.37001,0.979998
2.37101,0.979998
2.37201,0.979998
2.37301,0.979998
2.37401,0.979998
2.37501,0.979998
2.37601,0.979998
2.37701,0.979998
2.37801,0.979998
2.37901,0.979998
2.38001,0.979998
2.38101,0.979998
2.38201,0.979998
2.38301,0.979998
2.38401,0.979998
2.38501,0.979998
2.38601,0.979998
2.38701,0.979998
2.38801,0.979998
2.38901,0.979998
2.39001,0.979998
2.39101,0.979998
2.39201,0.979998
2.39301,0.979998
2.39401,0.979998
2.39501,0.979998
2.39601,0.979998
2.39701,0.979998
2.39801,0.979998
2.39901,0.979998
2.40001,0.979998
2.40101,0.979998
2.40201,0.979998
2.40301,0.979998
2.40401,0.979998
2.40501,0.979998
2.40601,0.979998
2.40701,0.979998
2.40801,0.979998
2.40901,0.979998
2.41001,0.979998
2.41101,0.979998
2.41201,0.979998
2.41301,0.979998
2.41401,0.979998
2.41501,0.979998
2.41601,0.979998
2.41701,0.979998
2.41801,0.979998
2.41901,0.979998
2.42001,0.979998
2.42101,0.979998
2.42201,0.979998
2.42301,0.979998
2.42401,0.979998
2.42501,0.979998
2.42601,0.979998
2.42701,0.979998
2.42801,0.979998
2.42901,0.979998
2.43001,0.979998
2.43101,0.979998
2.43201,0.979998
2.43301,0.979998
2.43401,0.979998
2.43501,0.979998
2.43601,0.979998
2.43701,0.979998
2.43801,0.979998
2.43901,0.979998
2.44001,0.979998
2.44101,0.979998
2.44201,0.979998
2.44301,0.979998
2.44401,0.979998
2.44501,0.979998
2.44601,0.979998
2.44701,0.979998
2.448,0.979998
2.449,0.979998
2.45,0.979998
2.451,0.979998
2.452,0.979998
2.453,0.979998
2.454,0.979998
2.455,0.979998
2.456,0.979998
2.457,0.979998
2.458,0.979998
2.459,0.979998
2.46,0.979998
2.461,0.979998
2.462,0.979998
2.463,0.979998
2.464,0.979998
2.465,0.979998
2.466,0.979998
2.467,0.979998
2.468,0.979998
2.469,0.979998
2.47,0.979998
2.471,0.979998
2.472,0.979998
2.473,0.979998
2.474,0.979998
2.475,0.979998
2.476,0.979998
2.477,0.979998
2.478,0.979998
2.479,0.979998
2.48,0.979998
2.481,0.979998
2.482,0.979998
2.483,0.979998
2.484,0.979998
2.485,0.979998
2.486,0.979998
2.487,0.979998
2.488,0.979998
2.489,0.979998
2.49,0.979998
2.491,0.979998
2.492,0.979998
2.493,0.979998
2.494,0.979998
2.495,0.979998
2.496,0.979998
2.497,0.979998
2.498,0.979998
2.499,0.979998
2.5,0.979998
2.501,0.979998
2.502,0.979998
2.503,0.979998
2.504,0.979998
2.505,0.979998
2.506,0.979998
2.507,0.979998
2.508,0.979998
2.509,0.979998
2.51,0.979998
2.511,0.979998
2.512,0.979998
2.513,0.979998
2.514,0.979998
2.515,0.979998
2.516,0.979998
2.517,0.979998
2.518,0.979998
2.519,0.979998
2.52,0.979998
2.521,0.979998
2.522,0.979998
2.523,0.979998
2.524,0.979998
2.525,0.979998
2.526,0.979998
2.527,0.979998
2.528,0.979998
2.529,0.979998
2.53,0.979998
2.531,0.979998
2.532,0.979998
2.533,0.979998
2.534,0.979998
2.535,0.979998
2.536,0.979998
2.537,0.979998
2.538,0.979998
2.539,0.979998
2.54,0.979998
2.541,0.979998
2.542,0.979998
2.543,0.979998
2.544,0.979998
2.545,0.979998
2.546,0.979998
2.547,0.979998
2.548,0.979998
2.549,0.979998
2.55,0.979998
2.551,0.979998
2.552,0.979998
2.553,0.979998
2.554,0.979998
2.555,0.979998
2.556,0.979998
2.557,0.979998
2.558,0.979998
2.559,0.979998
2.56,0.979998
2.561,0.979998
2.562,0.979998
2.563,0.979998
2.564,0.979998
2.565,0.979998
2.566,0.979998
2.567,0.979998
2.568,0.979998
2.569,0.979998
2.57,0.979998
2.571,0.979998
2.572,0.979998
2.573,0.979998
2.574,0.979998
2.575,0.979998
2.576,0.979998
2.577,0.979998
2.578,0.979998
2.579,0.979998
2.58,0.979998
2.581,0.979998
2.582,0.979998
2.583,0.979998
2.584,0.979998
2.585,0.979998
2.58599,0.979998
2.58699,0.979998
2.58799,0.979998
2.58899,0.979998
2.58999,0.979998
2.59099,0.979998
2.59199,0.979998
2.59299,0.979998
2.59399,0.979998
2.59499,0.979998
2.59599,0.979998
2.59699,0.979998
2.59799,0.979998
2.59899,0.979998
2.59999,0.979998
2.60099,0.979998
2.60199,0.979998
2.60299,0.979998
2.60399,0.979998
2.60499,0.979998
2.60599,0.979998
2.60699,0.979998
2.60799,0.979998
2.60899,0.979998
2.60999,0.979998
2.61099,0.979998
2.61199,0.979998
2.61299,0.979998
2.61399,0.979998
2.61499,0.979998
2.61599,0.979998
2.61699,0.979998
2.61799,0.979998
2.61899,0.979998
2.61999,0.979998
2.62099,0.979998
2.62199,0.979998
2.62299,0.979998
2.62399,0.979998
2.62499,0.979998
2.62599,0.979998
2.62699,0.979998
2.62799,0.979998
2.62899,0.979998
2.62999,0.979998
2.63099,0.979998
2.63199,0.979998
2.63299,0.979998
2.63399,0.979998
2.63499,0.979998
2.63599,0.979998
2.63699,0.979998
2.63799,0.979998
2.63899,0.979998
2.63999,0.979998
2.64099,0.979998
2.64199,0.979998
2.64299,0.979998
2.64399,0.979998
2.64499,0.979998
2.64599,0.979998
2.64699,0.979998
2.64799,0.979998
2.64899,0.979998
2.64999,0.979998
2.65099,0.979998
2.65199,0.979998
2.65299,0.979998
2.65399,0.979998
2.65499,0.979998
2.65599,0.979998
2.65699,0.979998
2.65799,0.979998
2.65899,0.979998
2.65999,0.979998
2.66099,0.979998
2.66199,0.979998
2.66299,0.979998
2.66399,0.979998
2.66499,0.979998
2.66599,0.979998
2.66699,0.979998
2.66799,0.979998
2.66899,0.979998
2.66999,0.979998
2.67099,0.979998
2.67199,0.979998
2.67299,0.979998
2.67399,0.979998
2.67499,0.979998
2.67599,0.979998
2.67699,0.979998
2.67799,0.979998
2.67899,0.979998
2.67999,0.979998
2.68099,0.979998
2.68199,0.979998
2.68299,0.979998
2.68399,0.979998
2.68499,0.979998
2.68599,0.979998
2.68699,0.979998
2.68799,0.979998
2.68899,0.979998
2.68999,0.979998
2.69099,0.979998
2.69199,0.979998
2.69299,0.979998
2.69399,0.979998
2.69499,0.979998
2.69599,0.979998
2.69699,0.979998
2.69799,0.979998
2.69899,0.979998
2.69999,0.979998
2.70099,0.979998
2.70199,0.979998
2.70299,0.979998
2.70399,0.979998
2.70499,0.979998
2.70599,0.979998
2.70699,0.979998
2.70799,0.979998
2.70899,0.979998
2.70999,0.979998
2.71099,0.979998
2.71199,0.979998
2.71299,0.979998
2.71399,0.979998
2.71499,0.979998
2.71599,0.979998
2.71699,0.979998
2.71799,0.979998
2.71899,0.979998
2.71999,0.979998
2.72099,0.979998
2.72199,0.979998
2.72299,0.979998
2.72398,0.979998
2.72498,0.979998
2.72598,0.979998
2.72698,0.979998
2.72798,0.979998
2.72898,0.979998
2.72998,0.979998
2.73098,0.979998
2.73198,0.979998
2.73298,0.979998
2.73398,0.979998
2.73498,0.979998
2.73598,0.979998
2.73698,0.979998
2.73798,0.979998
2.73898,0.979998
2.73998,0.979998
2.74098,0.979998
2.74198,0.979998
2.74298,0.979998
2.74398,0.979998
2.74498,0.979998
2.74598,0.979998
2.74698,0.979998
2.74798,0.979998
2.74898,0.979998
2.74998,0.979998
2.75098,0.979998
2.75198,0.979998
2.75298,0.979998
2.75398,0.979998
2.75498,0.979998
2.75598,0.979998
2.75698,0.979998
2.75798,0.979998
2.75898,0.979998
2.75998,0.979998
2.76098,0.979998
2.76198,0.979998
2.76298,0.979998
2.76398,0.979998
2.76498,0.979998
2.76598,0.979998
2.76698,0.979998
2.76798,0.979998
2.76898,0.979998
2.76998,0.979998
2.77098,0.979998
2.77198,0.979998
2.77298,0.979998
2.77398,0.979998
2.77498,0.979998
2.77598,0.979998
2.77698,0.979998
2.77798,0.979998
2.77898,0.979998
2.77998,0.979998
2.78098,0.979998
2.78198,0.979998
2.78298,0.979998
2.78398,0.979998
2.78498,0.979998
2.78598,0.979998
2.78698,0.979998
2.78798,0.979998
2.78898,0.979998
2.78998,0.979998
2.79098,0.979998
2.79198,0.979998
2.79298,0.979998
2.79398,0.979998
2.79498,0.979998
2.79598,0.979998
2.79698,0.979998
2.79798,0.979998
2.79898,0.979998
2.79998,0.979998
2.80098,0.979998
2.80198,0.979998
2.80298,0.979998
2.80398,0.979998
2.80498,0.979998
2.80598,0.979998
2.80698,0.979998
2.80798,0.979998
2.80898,0.979998
2.80998,0.979998
2.81098,0.979998
2.81198,0.979998
2.81298,0.979998
2.81398,0.979998
2.81498,0.979998
2.81598,0.979998
2.81698,0.979998
2.81798,0.979998
2.81898,0.979998
2.81998,0.979998
2.82098,0.979998
2.82198,0.979998
2.82298,0.979998
2.82398,0.979998
2.82498,0.979998
2.82598,0.979998
2.82698,0.979998
2.82798,0.979998
2.82898,0.979998
2.82998,0.979998
2.83098,0.979998
2.83198,0.979998
2.83298,0.979998
2.83398,0.979998
2.83498,0.979998
2.83598,0.979998
2.83698,0.979998
2.83798,0.979998
2.83898,0.979998
2.83998,0.979998
2.84098,0.979998
2.84198,0.979998
2.84298,0.979998
2.84398,0.979998
2.84498,0.979998
2.84598,0.979998
2.84698,0.979998
2.84798,0.979998
2.84898,0.979998
2.84998,0.979998
2.85098,0.979998
2.85198,0.979998
2.85298,0.979998
2.85398,0.979998
2.85498,0.979998
2.85598,0.979998
2.85698,0.979998
2.85798,0.979998
2.85898,0.979998
2.85998,0.979998
2.86098,0.979998
2.86197,0.979998
2.86297,0.979998
2.86397,0.979998
2.86497,0.979998
2.86597,0.979998
2.86697,0.979998
2.86797,0.979998
2.86897,0.979998
2.86997,0.979998
2.87097,0.979998
2.87197,0.979998
2.87297,0.979998
2.87397,0.979998
2.87497,0.979998
2.87597,0.979998
2.87697,0.979998
2.87797,0.979998
2.87897,0.979998
2.87997,0.979998
2.88097,0.979998
2.88197,0.979998
2.88297,0.979998
2.88397,0.979998
2.88497,0.979998
2.88597,0.979998
2.88697,0.979998
2.88797,0.979998
2.88897,0.979998
2.88997,0.979998
2.89097,0.979998
2.89197,0.979998
2.89297,0.979998
2.89397,0.979998
2.89497,0.979998
2.89597,0.979998
2.89697,0.979998
2.89797,0.979998
2.89897,0.979998
2.89997,0.979998
2.90097,0.979998
2.90197,0.979998
2.90297,0.979998
2.90397,0.979998
2.90497,0.979998
2.90597,0.979998
2.90697,0.979998
2.90797,0.979998
2.90897,0.979998
2.90997,0.979998
2.91097,0.979998
2.91197,0.979998
2.91297,0.979998
2.91397,0.979998
2.91497,0.979998
2.91597,0.979998
2.91697,0.979998
2.91797,0.979998
2.91897,0.979998
2.91997,0.979998
2.92097,0.979998
2.92197,0.979998
2.92297,0.979998
2.92397,0.979998
2.92497,0.979998
2.92597,0.979998
2.92697,0.979998
2.92797,0.979998
2.92897,0.979998
2.92997,0.979998
2.93097,0.979998
2.93197,0.979998
2.93297,0.979998
2.93397,0.979998
2.93497,0.979998
2.93597,0.979998
2.93697,0.979998
2.93797,0.979998
2.93897,0.979998
2.93997,0.979998
2.94097,0.979998
2.94197,0.979998
2.94297,0.979998
2.94397,0.979998
2.94497,0.979998
2.94597,0.979998
2.94697,0.979998
2.94797,0.979998
2.94897,0.979998
2.94997,0.979998
2.95097,0.979998
2.95197,0.979998
2.95297,0.979998
2.95397,0.979998
2.95497,0.979998
2.95597,0.979998
2.95697,0.979998
2.95797,0.979998
2.95897,0.979998
2.95997,0.979998
2.96097,0.979998
2.96197,0.979998
2.96297,0.979998
2.96397,0.979998
2.96497,0.979998
2.96597,0.979998
2.96697,0.979998
2.96797,0.979998
2.96897,0.979998
2.96997,0.979998
2.97097,0.979998
2.97197,0.979998
2.97297,0.979998
2.97397,0.979998
2.97497,0.979998
2.97597,0.979998
2.97697,0.979998
2.97797,0.979998
2.97897,0.979998
2.97997,0.979998
2.98097,0.979998
2.98197,0.979998
2.98297,0.979998
2.98397,0.979998
2.98497,0.979998
2.98597,0.979998
2.98697,0.979998
2.98797,0.979998
2.98897,0.979998
2.98997,0.979998
2.99097,0.979998
2.99197,0.979998
2.99297,0.979998
2.99397,0.979998
2.99497,0.979998
2.99597,0.979998
2.99697,0.979998
2.99797,0.979998
2.99897,0.979998
2.99996,0.979998
3.00096,0.979998
